,0
0,https://www.fragrantica.com/perfume/Anka-Kus-Parfuem/A-Moment-In-Manhattan-64190.html
1,https://www.fragrantica.com/perfume/Anka-Kus-Parfuem/Misk-ul-Hareem-71883.html
2,https://www.fragrantica.com/perfume/Bud-Parfums/Goddess-12047.html
3,https://www.fragrantica.com/perfume/Bud-Parfums/Ripsilver-12061.html
4,https://www.fragrantica.com/perfume/Criminal-Elements/Fall-60739.html
5,https://www.fragrantica.com/perfume/Criminal-Elements/Ruben-60870.html
6,https://www.fragrantica.com/perfume/Criminal-Elements/Sanguinem-Arena-61057.html
7,https://www.fragrantica.com/perfume/Criminal-Elements/Sepal-61060.html
8,https://www.fragrantica.com/perfume/Criminal-Elements/Sylphide-60869.html
9,https://www.fragrantica.com/perfume/Criminal-Elements/Tobacco-Jam-61061.html
10,https://www.fragrantica.com/perfume/Criminal-Elements/Vigour-60871.html
11,https://www.fragrantica.com/perfume/Evocative-Perfumes/Aquarelle-29140.html
12,https://www.fragrantica.com/perfume/Evocative-Perfumes/Cologne-for-Alice-43641.html
13,https://www.fragrantica.com/perfume/Evocative-Perfumes/Evelyn-s-Rose-29142.html
14,https://www.fragrantica.com/perfume/Evocative-Perfumes/Fleur-de-Magnolia-29141.html
15,https://www.fragrantica.com/perfume/Evocative-Perfumes/Vanille-Tonique-58280.html
16,https://www.fragrantica.com/perfume/Fleurage/Bayou-Cologne-35193.html
17,https://www.fragrantica.com/perfume/Fleurage/Citron-Cologne-35177.html
18,https://www.fragrantica.com/perfume/Fleurage/Fougere-Cologne-35181.html
19,https://www.fragrantica.com/perfume/Fleurage/Four-Thieves-Cologne-35178.html
20,https://www.fragrantica.com/perfume/Fleurage/Gentleman-s-Chypre-Cologne-35192.html
21,https://www.fragrantica.com/perfume/Fleurage/Libertine-Cologne-35182.html
22,https://www.fragrantica.com/perfume/Fleurage/Plantation-Cologne-35180.html
23,https://www.fragrantica.com/perfume/Fleurage/China-Musk-35261.html
24,https://www.fragrantica.com/perfume/Fleurage/Citron-Vanilla-35272.html
25,https://www.fragrantica.com/perfume/Fleurage/Exotic-Floral-35268.html
26,https://www.fragrantica.com/perfume/Fleurage/Floral-Amber-35204.html
27,https://www.fragrantica.com/perfume/Fleurage/Floral-Vanilla-35271.html
28,https://www.fragrantica.com/perfume/Fleurage/Green-Citrus-35199.html
29,https://www.fragrantica.com/perfume/Fleurage/Spiced-Vanilla-35270.html
30,https://www.fragrantica.com/perfume/Fleurage/True-Amber-35201.html
31,https://www.fragrantica.com/perfume/Fleurage/Chypre-Botanical-Parfum-34919.html
32,https://www.fragrantica.com/perfume/Fleurage/Gypsy-Botanical-Parfum-35144.html
33,https://www.fragrantica.com/perfume/Fleurage/Red-Botanical-Parfum-34920.html
34,https://www.fragrantica.com/perfume/Fleurage/White-Flowers-Botanical-Parfum-34946.html
35,https://www.fragrantica.com/perfume/Fleurage/Yuletide-Botanical-Parfum-35194.html
36,https://www.fragrantica.com/perfume/Fleurage/Agrume-35036.html
37,https://www.fragrantica.com/perfume/Fleurage/Cafe-Nero-35037.html
38,https://www.fragrantica.com/perfume/Fleurage/Cuoio-35038.html
39,https://www.fragrantica.com/perfume/Fleurage/Erbe-de-Legno-35039.html
40,https://www.fragrantica.com/perfume/Fleurage/Fiori-Rosa-35040.html
41,https://www.fragrantica.com/perfume/Fleurage/Fumo-Dolce-35041.html
42,https://www.fragrantica.com/perfume/Fleurage/Libiri-35115.html
43,https://www.fragrantica.com/perfume/Fleurage/Fleur-de-Nuit-35032.html
44,https://www.fragrantica.com/perfume/Fort-Manle/Amber-Absolutely-2022-74157.html
45,https://www.fragrantica.com/perfume/Fort-Manle/Maduro-44851.html
46,https://www.fragrantica.com/perfume/Fort-Manle/Mr-Bojnokopff-s-Purple-Hat-44849.html
47,https://www.fragrantica.com/perfume/Fort-Manle/Amber-Absolutely-44855.html
48,https://www.fragrantica.com/perfume/Fort-Manle/Fatih-Sultan-Mehmed-44853.html
49,https://www.fragrantica.com/perfume/Fort-Manle/Harem-Rose-44854.html
50,https://www.fragrantica.com/perfume/Fort-Manle/Sueleyman-Le-Magnifique-48274.html
51,https://www.fragrantica.com/perfume/Goldfield-Banks-Australia/Blue-Cypress-44122.html
52,https://www.fragrantica.com/perfume/Goldfield-Banks-Australia/Bohemian-Lime-60923.html
53,https://www.fragrantica.com/perfume/Goldfield-Banks-Australia/Desert-Rosewood-44119.html
54,https://www.fragrantica.com/perfume/Goldfield-Banks-Australia/Pacific-Rock-Moss-44120.html
55,https://www.fragrantica.com/perfume/Goldfield-Banks-Australia/Southern-Bloom-51791.html
56,https://www.fragrantica.com/perfume/Goldfield-Banks-Australia/Sunset-Hour-70950.html
57,https://www.fragrantica.com/perfume/Goldfield-Banks-Australia/Velvet-Splendour-54940.html
58,https://www.fragrantica.com/perfume/Grandiflora/Queen-of-The-Night-42736.html
59,https://www.fragrantica.com/perfume/Kylie-Minogue/Showtime-EDP-2560.html
60,https://www.fragrantica.com/perfume/MOR/Belladonna-10196.html
61,https://www.fragrantica.com/perfume/MOR/Peony-Flower-10195.html
62,https://www.fragrantica.com/perfume/Raw-Spirit-Fragrances/Fire-Tree-22483.html
63,https://www.fragrantica.com/perfume/Raw-Spirit-Fragrances/Midnight-Pearl-50661.html
64,https://www.fragrantica.com/perfume/Raw-Spirit-Fragrances/Mystic-Pearl-40070.html
65,https://www.fragrantica.com/perfume/Raw-Spirit-Fragrances/Summer-Rain-32476.html
66,https://www.fragrantica.com/perfume/Raw-Spirit-Fragrances/Wild-Fire-22482.html
67,https://www.fragrantica.com/perfume/Raw-Spirit-Fragrances/Winter-Oak-28981.html
68,https://www.fragrantica.com/perfume/Succes-de-Paris/Dreaming-Princess-9049.html
69,https://www.fragrantica.com/perfume/Succes-de-Paris/Fujiyama-6748.html
70,https://www.fragrantica.com/perfume/Succes-de-Paris/Fujiyama-Gentleman-17397.html
71,https://www.fragrantica.com/perfume/Succes-de-Paris/Fujiyama-Love-Story-40445.html
72,https://www.fragrantica.com/perfume/TRNP/Blue-Lotus-42696.html
73,https://www.fragrantica.com/perfume/TRNP/Fleurs-Sauvages-31687.html
74,https://www.fragrantica.com/perfume/TRNP/Free-Spirit-31688.html
75,https://www.fragrantica.com/perfume/TRNP/Gossamer-Roads-45671.html
76,https://www.fragrantica.com/perfume/TRNP/Hanky-Panky-31691.html
77,https://www.fragrantica.com/perfume/TRNP/Honey-Amber-69290.html
78,https://www.fragrantica.com/perfume/TRNP/Hussar-44598.html
79,https://www.fragrantica.com/perfume/TRNP/Incense-42698.html
80,https://www.fragrantica.com/perfume/TRNP/Kafka-71899.html
81,https://www.fragrantica.com/perfume/TRNP/Labyrinth-44599.html
82,https://www.fragrantica.com/perfume/TRNP/Lemongrass-45621.html
83,https://www.fragrantica.com/perfume/TRNP/Lemuria-37123.html
84,https://www.fragrantica.com/perfume/TRNP/Lyonesse-45623.html
85,https://www.fragrantica.com/perfume/TRNP/Magus-71908.html
86,https://www.fragrantica.com/perfume/TRNP/Oudh-Batavia-64178.html
87,https://www.fragrantica.com/perfume/TRNP/Soul-42110.html
88,https://www.fragrantica.com/perfume/TRNP/Pink-Lotus-62548.html
89,https://www.fragrantica.com/perfume/TRNP/Siddartha-51946.html
90,https://www.fragrantica.com/perfume/TRNP/Versailles-51951.html
91,https://www.fragrantica.com/perfume/TRNP/Garden-of-Pleasures-62083.html
92,https://www.fragrantica.com/perfume/TRNP/Anjana-51958.html
93,https://www.fragrantica.com/perfume/TRNP/Gulaab-51959.html
94,https://www.fragrantica.com/perfume/TRNP/Irises-51960.html
95,https://www.fragrantica.com/perfume/TRNP/Mozas-del-Agua-51964.html
96,https://www.fragrantica.com/perfume/TRNP/Nepenthe-51963.html
97,https://www.fragrantica.com/perfume/TRNP/Ruh-Khus-51961.html
98,https://www.fragrantica.com/perfume/TRNP/Taif-Rose-52053.html
99,https://www.fragrantica.com/perfume/TRNP/Jasmine-Yuzu-41255.html
100,https://www.fragrantica.com/perfume/TRNP/Zeeba-47030.html
101,https://www.fragrantica.com/perfume/TRNP/East-45080.html
102,https://www.fragrantica.com/perfume/TRNP/La-Selva-Sagrada-45078.html
103,https://www.fragrantica.com/perfume/TRNP/Odile-45093.html
104,https://www.fragrantica.com/perfume/TRNP/Pema-45095.html
105,https://www.fragrantica.com/perfume/TRNP/Ruby-45094.html
106,https://www.fragrantica.com/perfume/TRNP/Tallemaja-45079.html
107,https://www.fragrantica.com/perfume/TRNP/Tristan-45081.html
108,https://www.fragrantica.com/perfume/TRNP/Yseult-45082.html
109,https://www.fragrantica.com/perfume/Al-Shareef-Oudh/Al-Ghaliyah-58446.html
110,https://www.fragrantica.com/perfume/Al-Shareef-Oudh/Hekayat-58445.html
111,https://www.fragrantica.com/perfume/Al-Shareef-Oudh/Ishraaq-67190.html
112,https://www.fragrantica.com/perfume/Al-Shareef-Oudh/Itr-Al-Ward-58438.html
113,https://www.fragrantica.com/perfume/Al-Shareef-Oudh/Jasmine-67192.html
114,https://www.fragrantica.com/perfume/Al-Shareef-Oudh/Ward-67191.html
115,https://www.fragrantica.com/perfume/Chasing-Scents/Weeping-Rose-73357.html
116,https://www.fragrantica.com/perfume/Christopher-Hanlon/New-Bluegum-Amber-68399.html
117,https://www.fragrantica.com/perfume/Christy-Organics/Trance-44395.html
118,https://www.fragrantica.com/perfume/Cult-of-Scent/The-Hedonist-42962.html
119,https://www.fragrantica.com/perfume/Cult-of-Scent/The-Nightingale-s-Cup-42949.html
120,https://www.fragrantica.com/perfume/Delta-Goodrem/Delta-45077.html
121,https://www.fragrantica.com/perfume/Frostbland/Amourette-by-Jean-Pierre-29356.html
122,https://www.fragrantica.com/perfume/Gina-Liano/Fearless-42885.html
123,https://www.fragrantica.com/perfume/Gina-Liano/Gina-39661.html
124,https://www.fragrantica.com/perfume/Gina-Liano/Luminous-45076.html
125,https://www.fragrantica.com/perfume/Glasshouse/Diving-Into-Cyprus-68346.html
126,https://www.fragrantica.com/perfume/Glasshouse/Flower-Symphony-68347.html
127,https://www.fragrantica.com/perfume/Glasshouse/Melbourne-Muse-68350.html
128,https://www.fragrantica.com/perfume/Lapp-Fragrances/Darkness-48964.html
129,https://www.fragrantica.com/perfume/MetaScent/Mura-56316.html
130,https://www.fragrantica.com/perfume/MetaScent/Padme-56314.html
131,https://www.fragrantica.com/perfume/MetaScent/Sunya-56299.html
132,https://www.fragrantica.com/perfume/Michael-Paul-Fragrances/Saudade-50471.html
133,https://www.fragrantica.com/perfume/Michael-Paul-Fragrances/Vantablac-50470.html
134,https://www.fragrantica.com/perfume/Mihan-Aromatics/Guilty-Story-52287.html
135,https://www.fragrantica.com/perfume/Mihan-Aromatics/Mikado-Bark-52285.html
136,https://www.fragrantica.com/perfume/Mihan-Aromatics/Petrichor-Plains-57959.html
137,https://www.fragrantica.com/perfume/Mihan-Aromatics/Sienna-Brume-52286.html
138,https://www.fragrantica.com/perfume/Morris-Motley/Oakmoss-64071.html
139,https://www.fragrantica.com/perfume/One-Seed/Bohemia-23413.html
140,https://www.fragrantica.com/perfume/One-Seed/Courage-23410.html
141,https://www.fragrantica.com/perfume/One-Seed/Devotion-23355.html
142,https://www.fragrantica.com/perfume/One-Seed/Slow-Fire-23354.html
143,https://www.fragrantica.com/perfume/Parisvally-Perfumes/Encoded-41693.html
144,https://www.fragrantica.com/perfume/Parisvally-Perfumes/Teak-41769.html
145,https://www.fragrantica.com/perfume/Renee/Musk-5369.html
146,https://www.fragrantica.com/perfume/Sensor-I-Am/Parfum-11-72804.html
147,https://www.fragrantica.com/perfume/Sensor-I-Am/Parfum-30-72803.html
148,https://www.fragrantica.com/perfume/Sensor-I-Am/Parfum-39-72802.html
149,https://www.fragrantica.com/perfume/Sensor-I-Am/Parfum-44-72801.html
150,https://www.fragrantica.com/perfume/Sensor-I-Am/Parfum-56-72799.html
151,https://www.fragrantica.com/perfume/Sensor-I-Am/Parfum-58-72797.html
152,https://www.fragrantica.com/perfume/Sensor-I-Am/Parfum-75-72798.html
153,https://www.fragrantica.com/perfume/Sensor-I-Am/Parfum-80-72800.html
154,https://www.fragrantica.com/perfume/Sensor-I-Am/Effervescent-72820.html
155,https://www.fragrantica.com/perfume/Sensor-I-Am/Sleep-72824.html
156,https://www.fragrantica.com/perfume/Sensor-I-Am/Veritas-72941.html
157,https://www.fragrantica.com/perfume/Sensor-I-Am/Slow-Fire-72784.html
158,https://www.fragrantica.com/perfume/Sensor-I-Am/Solitude-72785.html
159,https://www.fragrantica.com/perfume/Sensor-I-Am/Symphony-72786.html
160,https://www.fragrantica.com/perfume/Sensor-I-Am/Boheme-72787.html
161,https://www.fragrantica.com/perfume/Sensor-I-Am/Desert-Nomad-72788.html
162,https://www.fragrantica.com/perfume/Sensor-I-Am/Dusk-Amour-72789.html
163,https://www.fragrantica.com/perfume/Sensor-I-Am/Ember-Haze-72790.html
164,https://www.fragrantica.com/perfume/Sensor-I-Am/Isle-Of-Blanc-72791.html
165,https://www.fragrantica.com/perfume/Sensor-I-Am/Luna-72792.html
166,https://www.fragrantica.com/perfume/Sensor-I-Am/Midnight-Ruze-72793.html
167,https://www.fragrantica.com/perfume/Sonic-Alchemy/Black-In-Deep-Red-51373.html
168,https://www.fragrantica.com/perfume/Sonic-Alchemy/Dorsia-51376.html
169,https://www.fragrantica.com/perfume/Sonic-Alchemy/Especial-51377.html
170,https://www.fragrantica.com/perfume/ST-Rose/Vigilante-66308.html
171,https://www.fragrantica.com/perfume/Trilogy/Jua-28034.html
172,https://www.fragrantica.com/perfume/Who-is-Elijah/1994-72880.html
173,https://www.fragrantica.com/perfume/Agua-de-Cheiro/ADC-Crazy-Maca-Verde-72889.html
174,https://www.fragrantica.com/perfume/Agua-de-Cheiro/Colour-You-1-72891.html
175,https://www.fragrantica.com/perfume/Agua-de-Cheiro/Colour-You-2-72892.html
176,https://www.fragrantica.com/perfume/Agua-de-Cheiro/Crazy-Sensacao-de-Morango-56938.html
177,https://www.fragrantica.com/perfume/Agua-de-Cheiro/Crazy-Sensacao-de-Morango-56939.html
178,https://www.fragrantica.com/perfume/Agua-de-Cheiro/Crazy-Toque-de-Vinho-56940.html
179,https://www.fragrantica.com/perfume/Agua-de-Cheiro/Deborah-Secco-45136.html
180,https://www.fragrantica.com/perfume/Agua-de-Cheiro/Duna-42069.html
181,https://www.fragrantica.com/perfume/Agua-de-Cheiro/Euphoric-72900.html
182,https://www.fragrantica.com/perfume/Agua-de-Cheiro/Fifteen-XV-68986.html
183,https://www.fragrantica.com/perfume/Agua-de-Cheiro/Forest-Livre-72297.html
184,https://www.fragrantica.com/perfume/Agua-de-Cheiro/Rhodes-57105.html
185,https://www.fragrantica.com/perfume/Agua-de-Cheiro/Self-ie-Black-74493.html
186,https://www.fragrantica.com/perfume/Agua-de-Cheiro/Self-ie-Blue-57872.html
187,https://www.fragrantica.com/perfume/Agua-de-Cheiro/Self-ie-Live-Green-68899.html
188,https://www.fragrantica.com/perfume/Agua-de-Cheiro/Self-ie-Live-Pink-68898.html
189,https://www.fragrantica.com/perfume/Agua-de-Cheiro/Self-ie-Purple-57873.html
190,https://www.fragrantica.com/perfume/Agua-de-Cheiro/Self-ie-Red-74494.html
191,https://www.fragrantica.com/perfume/Agua-de-Cheiro/Self-ie-Yellow-UZ-68900.html
192,https://www.fragrantica.com/perfume/Agua-de-Cheiro/Absinto-42059.html
193,https://www.fragrantica.com/perfume/Agua-de-Cheiro/Absinto-Elixir-42060.html
194,https://www.fragrantica.com/perfume/Agua-de-Cheiro/Absinto-for-Man-42061.html
195,https://www.fragrantica.com/perfume/Agua-de-Cheiro/Absinto-Le-Jazz-70572.html
196,https://www.fragrantica.com/perfume/Agua-de-Cheiro/Absinto-Proibido-58869.html
197,https://www.fragrantica.com/perfume/Agua-de-Cheiro/Absinto-Proibido-for-Man-72299.html
198,https://www.fragrantica.com/perfume/Agua-de-Cheiro/Agua-Fresca-Petala-de-Rosa-68976.html
199,https://www.fragrantica.com/perfume/Agua-de-Cheiro/Aguas-de-Cheiro-Rolando-na-Relva-57045.html
200,https://www.fragrantica.com/perfume/Agua-de-Cheiro/Attractive-72893.html
201,https://www.fragrantica.com/perfume/Agua-de-Cheiro/Hydros-42072.html
202,https://www.fragrantica.com/perfume/Agua-de-Cheiro/Legend-42074.html
203,https://www.fragrantica.com/perfume/Agua-de-Cheiro/Amendoas-e-Cereja-62073.html
204,https://www.fragrantica.com/perfume/Agua-de-Cheiro/Docura-de-Caramelo-56293.html
205,https://www.fragrantica.com/perfume/Agua-de-Cheiro/Meu-Bem-Estar-Campos-de-Lavanda-68990.html
206,https://www.fragrantica.com/perfume/Agua-de-Cheiro/Meu-Bem-Estar-Carinho-de-Jasmim-72888.html
207,https://www.fragrantica.com/perfume/Agua-de-Cheiro/Meu-Bem-Estar-Conforto-de-Algodao-68989.html
208,https://www.fragrantica.com/perfume/Agua-de-Cheiro/Meu-Bem-Estar-Energia-do-Limao-Siciliano-68992.html
209,https://www.fragrantica.com/perfume/Agua-de-Cheiro/Meu-Bem-Estar-Esplendor-de-Cerejeira-68991.html
210,https://www.fragrantica.com/perfume/Agua-de-Cheiro/Obelisk-68974.html
211,https://www.fragrantica.com/perfume/Agua-de-Cheiro/Relic-Glam-70573.html
212,https://www.fragrantica.com/perfume/Amberfig/Ispahan-52407.html
213,https://www.fragrantica.com/perfume/Amberfig/Smoking-Lounge-30471.html
214,https://www.fragrantica.com/perfume/Amberfig/Tonkalmond-56178.html
215,https://www.fragrantica.com/perfume/Amberfig/Vive-La-Fete-52398.html
216,https://www.fragrantica.com/perfume/Amberfig/Yasamin-30472.html
217,https://www.fragrantica.com/perfume/Amberfig/Bittersweet-52399.html
218,https://www.fragrantica.com/perfume/Amberfig/Famonty-52400.html
219,https://www.fragrantica.com/perfume/Amberfig/Iris-Dark-52402.html
220,https://www.fragrantica.com/perfume/Amberfig/Vanille-Sucre-52401.html
221,https://www.fragrantica.com/perfume/Amberfig/Citron-Noir-52403.html
222,https://www.fragrantica.com/perfume/Amberfig/Infiniment-Mandarine-52404.html
223,https://www.fragrantica.com/perfume/Amberfig/Orange-Flamboyant-52406.html
224,https://www.fragrantica.com/perfume/Amberfig/Pluie-D-Orange-52405.html
225,https://www.fragrantica.com/perfume/Amberfig/Amberfig-Eau-de-Parfum-44564.html
226,https://www.fragrantica.com/perfume/Amberfig/Tabac-Royal-52408.html
227,https://www.fragrantica.com/perfume/Atelier-Segall-Barutti/Cafe-Bistro-70717.html
228,https://www.fragrantica.com/perfume/Atelier-Segall-Barutti/Epices-Cuir-Et-L-ecense-60386.html
229,https://www.fragrantica.com/perfume/Atelier-Segall-Barutti/Jasmim-Imperial-60883.html
230,https://www.fragrantica.com/perfume/Atelier-Segall-Barutti/Madeira-Oriental-60383.html
231,https://www.fragrantica.com/perfume/Atelier-Segall-Barutti/Madraga-70720.html
232,https://www.fragrantica.com/perfume/Atelier-Segall-Barutti/Magdalene-69855.html
233,https://www.fragrantica.com/perfume/Atelier-Segall-Barutti/Marrakesh-60385.html
234,https://www.fragrantica.com/perfume/Atelier-Segall-Barutti/Mimosa-Tonka-69854.html
235,https://www.fragrantica.com/perfume/Atelier-Segall-Barutti/Musking-69851.html
236,https://www.fragrantica.com/perfume/Atelier-Segall-Barutti/Myrrhe-Frankincense-60306.html
237,https://www.fragrantica.com/perfume/Atelier-Segall-Barutti/Narcissus-Molecules-70714.html
238,https://www.fragrantica.com/perfume/Atelier-Segall-Barutti/Nefertari-70729.html
239,https://www.fragrantica.com/perfume/Atelier-Segall-Barutti/Patchouli-Flores-69847.html
240,https://www.fragrantica.com/perfume/Atelier-Segall-Barutti/Scent-of-Hemp-Fruttata-70716.html
241,https://www.fragrantica.com/perfume/Atelier-Segall-Barutti/Vanilla-Fruits-Rouge-60610.html
242,https://www.fragrantica.com/perfume/Atelier-Segall-Barutti/Vetivert-Herbe-70713.html
243,https://www.fragrantica.com/perfume/Atelier-Segall-Barutti/Yasmin-Soleil-Du-Monde-70725.html
244,https://www.fragrantica.com/perfume/Avatim/Acucena-64452.html
245,https://www.fragrantica.com/perfume/Avatim/Amau-54534.html
246,https://www.fragrantica.com/perfume/Avatim/Amor-Perfeito-34968.html
247,https://www.fragrantica.com/perfume/Avatim/Amor-Perfeito-34969.html
248,https://www.fragrantica.com/perfume/Avatim/Apoena-34964.html
249,https://www.fragrantica.com/perfume/Avatim/Aurora-34965.html
250,https://www.fragrantica.com/perfume/Avatim/Bella-57868.html
251,https://www.fragrantica.com/perfume/Avatim/Bemglo-Cheiro-de-Poesia-34970.html
252,https://www.fragrantica.com/perfume/Avatim/Gigi-52643.html
253,https://www.fragrantica.com/perfume/Avatim/Latitude-14o-34972.html
254,https://www.fragrantica.com/perfume/Avatim/Mar-a-Gosto-63285.html
255,https://www.fragrantica.com/perfume/Avatim/Aguas-Naturais-Aconchego-74204.html
256,https://www.fragrantica.com/perfume/Conde-Parfum/Ambre-Beige-62213.html
257,https://www.fragrantica.com/perfume/Eudora/Bella-Althea-45317.html
258,https://www.fragrantica.com/perfume/Eudora/Deluxe-Edition-35484.html
259,https://www.fragrantica.com/perfume/Eudora/Divine-Lace-50880.html
260,https://www.fragrantica.com/perfume/Eudora/E-Rouge-55121.html
261,https://www.fragrantica.com/perfume/Eudora/E-Sport-35488.html
262,https://www.fragrantica.com/perfume/Eudora/Elegant-Cashmere-35491.html
263,https://www.fragrantica.com/perfume/Eudora/Eudora-24965.html
264,https://www.fragrantica.com/perfume/Eudora/Eudora-Baby-69783.html
265,https://www.fragrantica.com/perfume/Eudora/Eudora-Unique-60585.html
266,https://www.fragrantica.com/perfume/Eudora/Fabulous-Chiffon-35490.html
267,https://www.fragrantica.com/perfume/Eudora/Fashion-Paete-59473.html
268,https://www.fragrantica.com/perfume/Eudora/Imensi-58163.html
269,https://www.fragrantica.com/perfume/Eudora/Kiss-Me-Rosa-Marcante-48686.html
270,https://www.fragrantica.com/perfume/Eudora/Niina-Secrets-69658.html
271,https://www.fragrantica.com/perfume/Eudora/Obsessao-por-Baunilha-56331.html
272,https://www.fragrantica.com/perfume/Eudora/On-Men-24967.html
273,https://www.fragrantica.com/perfume/Eudora/On-Men-Night-24968.html
274,https://www.fragrantica.com/perfume/Eudora/On-Men-Red-45319.html
275,https://www.fragrantica.com/perfume/Eudora/Prelude-S-24937.html
276,https://www.fragrantica.com/perfume/Eudora/Prelude-S-Blanche-43149.html
277,https://www.fragrantica.com/perfume/Eudora/Pulse-73896.html
278,https://www.fragrantica.com/perfume/Eudora/Puro-Algodao-56842.html
279,https://www.fragrantica.com/perfume/Eudora/Rummo-Aventura-61645.html
280,https://www.fragrantica.com/perfume/Eudora/Rummo-Desafio-61646.html
281,https://www.fragrantica.com/perfume/Eudora/Rummo-Liberdade-61644.html
282,https://www.fragrantica.com/perfume/Eudora/Sedissima-56841.html
283,https://www.fragrantica.com/perfume/Eudora/Supreme-24941.html
284,https://www.fragrantica.com/perfume/Eudora/A-R-T-Etnic-34508.html
285,https://www.fragrantica.com/perfume/Eudora/Aurien-24932.html
286,https://www.fragrantica.com/perfume/Eudora/Chic-Cherie-67567.html
287,https://www.fragrantica.com/perfume/Eudora/Club-6-Voyage-61898.html
288,https://www.fragrantica.com/perfume/Eudora/Eudora-H-58365.html
289,https://www.fragrantica.com/perfume/Eudora/Eudora-H-Acqua-60972.html
290,https://www.fragrantica.com/perfume/Eudora/Eudora-H-Energy-66164.html
291,https://www.fragrantica.com/perfume/Eudora/Kids-Era-Uma-Vez-70313.html
292,https://www.fragrantica.com/perfume/Eudora/Kids-Imaginacao-70314.html
293,https://www.fragrantica.com/perfume/Eudora/Impression-46305.html
294,https://www.fragrantica.com/perfume/Eudora/Impression-Audaz-68219.html
295,https://www.fragrantica.com/perfume/Eudora/Impression-in-Black-54531.html
296,https://www.fragrantica.com/perfume/Eudora/Instance-Baunilha-62746.html
297,https://www.fragrantica.com/perfume/Eudora/S-Exces-Femme-24938.html
298,https://www.fragrantica.com/perfume/Eudora/Velvet-Premium-48647.html
299,https://www.fragrantica.com/perfume/Eudora/Velvet-Summer-59472.html
300,https://www.fragrantica.com/perfume/Eudora/Volpe-63628.html
301,https://www.fragrantica.com/perfume/Eudora/Volpe-Master-70312.html
302,https://www.fragrantica.com/perfume/Giovanna-Baby/Bess-Sense-54738.html
303,https://www.fragrantica.com/perfume/Giovanna-Baby/Blanc-Vanilla-54739.html
304,https://www.fragrantica.com/perfume/Giovanna-Baby/Blue-34620.html
305,https://www.fragrantica.com/perfume/Giovanna-Baby/Giby-63366.html
306,https://www.fragrantica.com/perfume/Giovanna-Baby/Giby-Gaby-74758.html
307,https://www.fragrantica.com/perfume/Giovanna-Baby/Kim-Sense-54737.html
308,https://www.fragrantica.com/perfume/Giovanna-Baby/Lavanda-Rosa-Classic-34619.html
309,https://www.fragrantica.com/perfume/Giovanna-Baby/Lilac-34621.html
310,https://www.fragrantica.com/perfume/Giovanna-Baby/Yve-Sense-54736.html
311,https://www.fragrantica.com/perfume/Granado/Bergamota-Flor-de-Laranjeira-55284.html
312,https://www.fragrantica.com/perfume/Granado/Cedro-56510.html
313,https://www.fragrantica.com/perfume/Granado/Geranio-Grapefruit-63476.html
314,https://www.fragrantica.com/perfume/Granado/Sandalo-56511.html
315,https://www.fragrantica.com/perfume/Hinode/Enigma-56478.html
316,https://www.fragrantica.com/perfume/Hinode/Eterna-46860.html
317,https://www.fragrantica.com/perfume/Hinode/Eterna-Blue-57630.html
318,https://www.fragrantica.com/perfume/Hinode/Eterna-Crystal-46857.html
319,https://www.fragrantica.com/perfume/Hinode/Eterna-Nuit-60873.html
320,https://www.fragrantica.com/perfume/Hinode/Grace-46858.html
321,https://www.fragrantica.com/perfume/Hinode/Grace-La-Rose-Sublime-54771.html
322,https://www.fragrantica.com/perfume/Hinode/Grace-Midnight-46859.html
323,https://www.fragrantica.com/perfume/Hinode/Grand-46864.html
324,https://www.fragrantica.com/perfume/Hinode/Hype-for-Her-60874.html
325,https://www.fragrantica.com/perfume/Hinode/Dazzle-Color-Champagne-69893.html
326,https://www.fragrantica.com/perfume/Hinode/Ella-Perolas-62284.html
327,https://www.fragrantica.com/perfume/Hinode/Ella-Radiance-62283.html
328,https://www.fragrantica.com/perfume/Hinode/Empire-46866.html
329,https://www.fragrantica.com/perfume/Hinode/Empire-Gold-62040.html
330,https://www.fragrantica.com/perfume/Hinode/Empire-Intense-46861.html
331,https://www.fragrantica.com/perfume/Hinode/Empire-Sport-46862.html
332,https://www.fragrantica.com/perfume/Hinode/Empire-VIP-46863.html
333,https://www.fragrantica.com/perfume/Hinode/Feelin-Impulse-for-Her-61910.html
334,https://www.fragrantica.com/perfume/Hinode/Feelin-Impulse-for-Him-61909.html
335,https://www.fragrantica.com/perfume/Hinode/Feelin-Para-Ela-47637.html
336,https://www.fragrantica.com/perfume/Hinode/Feelin-Para-Ele-47639.html
337,https://www.fragrantica.com/perfume/Hinode/Feelin-Sexy-For-Her-56357.html
338,https://www.fragrantica.com/perfume/Hinode/Feelin-Sexy-For-Him-56356.html
339,https://www.fragrantica.com/perfume/Hinode/H-Men-67143.html
340,https://www.fragrantica.com/perfume/Hinode/Lattitude-High-Speed-47081.html
341,https://www.fragrantica.com/perfume/Hinode/Spot-Sunset-for-Him-67118.html
342,https://www.fragrantica.com/perfume/In-The-Box/Colossus-64588.html
343,https://www.fragrantica.com/perfume/In-The-Box/Irish-Green-Man-64331.html
344,https://www.fragrantica.com/perfume/In-The-Box/Nero-Del-Porto-64330.html
345,https://www.fragrantica.com/perfume/In-The-Box/New-Aventhis-64332.html
346,https://www.fragrantica.com/perfume/In-The-Box/Pride-L-Homme-64371.html
347,https://www.fragrantica.com/perfume/In-The-Box/Red-Sauce-64937.html
348,https://www.fragrantica.com/perfume/In-The-Box/Sauvegy-64589.html
349,https://www.fragrantica.com/perfume/In-The-Box/Spice-Citrus-64367.html
350,https://www.fragrantica.com/perfume/In-The-Box/Sweetobacco-64591.html
351,https://www.fragrantica.com/perfume/In-The-Box/Terra-64427.html
352,https://www.fragrantica.com/perfume/In-The-Box/Tersus-64774.html
353,https://www.fragrantica.com/perfume/In-The-Box/The-Gentlemen-64368.html
354,https://www.fragrantica.com/perfume/Jequiti/41-Graus-25211.html
355,https://www.fragrantica.com/perfume/Jequiti/Camaro-62984.html
356,https://www.fragrantica.com/perfume/Jequiti/Carinha-de-Anjo-45323.html
357,https://www.fragrantica.com/perfume/Jequiti/Caua-Reymond-Intenso-68174.html
358,https://www.fragrantica.com/perfume/Jequiti/Champs-Fort-43025.html
359,https://www.fragrantica.com/perfume/Jequiti/Champs-Velocite-38811.html
360,https://www.fragrantica.com/perfume/Jequiti/Chiquititas-Diversao-43549.html
361,https://www.fragrantica.com/perfume/Jequiti/Cumplices-de-um-Resgate-Iza-43555.html
362,https://www.fragrantica.com/perfume/Jequiti/Cumplices-de-um-Resgate-Manu-43556.html
363,https://www.fragrantica.com/perfume/Jequiti/Deluxe-68633.html
364,https://www.fragrantica.com/perfume/Jequiti/Desvendar-38149.html
365,https://www.fragrantica.com/perfume/Jequiti/Elas-Pop-Day-25199.html
366,https://www.fragrantica.com/perfume/Jequiti/Elas-Rock-Party-25200.html
367,https://www.fragrantica.com/perfume/Jequiti/Elixir-43013.html
368,https://www.fragrantica.com/perfume/Jequiti/Hot-Wheels-Monster-Trucks-72772.html
369,https://www.fragrantica.com/perfume/Jequiti/Mustang-Black-38951.html
370,https://www.fragrantica.com/perfume/Jequiti/Thiaguinho-45329.html
371,https://www.fragrantica.com/perfume/Jequiti/Adriane-Galisteu-Fashion-33627.html
372,https://www.fragrantica.com/perfume/Jequiti/Aire-Electric-25116.html
373,https://www.fragrantica.com/perfume/Jequiti/Aire-Energy-71372.html
374,https://www.fragrantica.com/perfume/Jequiti/Aire-Evolution-71373.html
375,https://www.fragrantica.com/perfume/Jequiti/Aire-Freedom-71374.html
376,https://www.fragrantica.com/perfume/Jequiti/Aire-Movimento-34512.html
377,https://www.fragrantica.com/perfume/Jequiti/Ana-Furtado-54388.html
378,https://www.fragrantica.com/perfume/Jequiti/Ana-Furtado-Radiante-54389.html
379,https://www.fragrantica.com/perfume/Jequiti/Anitta-41812.html
380,https://www.fragrantica.com/perfume/Jequiti/Anitta-Fatale-60985.html
381,https://www.fragrantica.com/perfume/Jequiti/Clube-da-Anittinha-59742.html
382,https://www.fragrantica.com/perfume/Jequiti/Bem-Me-Quer-com-Desejo-33634.html
383,https://www.fragrantica.com/perfume/Jequiti/Bem-Me-Quer-Inspire-Amor-64582.html
384,https://www.fragrantica.com/perfume/Jequiti/Bem-Me-Quer-Inspire-Paz-64585.html
385,https://www.fragrantica.com/perfume/Jequiti/Bem-Me-Quer-Kiss-62392.html
386,https://www.fragrantica.com/perfume/Jequiti/Bem-Me-Quer-Pontinhos-66612.html
387,https://www.fragrantica.com/perfume/Jequiti/Bem-Me-Quer-Sereia-61763.html
388,https://www.fragrantica.com/perfume/Jequiti/Bem-Me-Quer-Unicorn-Love-61765.html
389,https://www.fragrantica.com/perfume/Jequiti/Fantasy-World-Collection-Bem-Me-Quer-com-Brilho-61247.html
390,https://www.fragrantica.com/perfume/Jequiti/Fantasy-World-Collection-Bem-Me-Quer-com-Encanto-61246.html
391,https://www.fragrantica.com/perfume/Jequiti/Fantasy-World-Collection-Bem-Me-Quer-com-Sonhos-61248.html
392,https://www.fragrantica.com/perfume/Jequiti/Brille-57824.html
393,https://www.fragrantica.com/perfume/Jequiti/Brille-Mais-71665.html
394,https://www.fragrantica.com/perfume/Jequiti/Caminho-das-Aguas-Agua-Oriental-Flor-de-Cerejeira-e-Baunilha-35316.html
395,https://www.fragrantica.com/perfume/Jequiti/Caminho-das-Aguas-Madeiras-56221.html
396,https://www.fragrantica.com/perfume/Jequiti/Portiolli-Gold-41496.html
397,https://www.fragrantica.com/perfume/Jequiti/Claudia-Leitte-Intense-25144.html
398,https://www.fragrantica.com/perfume/Jequiti/Rio-de-Janeiro-33640.html
399,https://www.fragrantica.com/perfume/Jequiti/Desiree-Lune-45326.html
400,https://www.fragrantica.com/perfume/Jequiti/Colony-Eliana-25376.html
401,https://www.fragrantica.com/perfume/Jequiti/Eliana-Cristal-41810.html
402,https://www.fragrantica.com/perfume/Jequiti/Eliana-Diamante-66775.html
403,https://www.fragrantica.com/perfume/Jequiti/Eliana-Glamour-33626.html
404,https://www.fragrantica.com/perfume/Jequiti/Eliana-Ouro-57654.html
405,https://www.fragrantica.com/perfume/Jequiti/Eliana-Quartzo-57653.html
406,https://www.fragrantica.com/perfume/Jequiti/Eliana-Turmalina-59734.html
407,https://www.fragrantica.com/perfume/Jequiti/Eu-Adoro-Verao-61257.html
408,https://www.fragrantica.com/perfume/Jequiti/Eu-Amo-61250.html
409,https://www.fragrantica.com/perfume/Jequiti/Eu-Beijo-34636.html
410,https://www.fragrantica.com/perfume/Jequiti/Eu-Conquisto-34632.html
411,https://www.fragrantica.com/perfume/Jequiti/Eu-Desperto-Blackberry-com-Acucar-71586.html
412,https://www.fragrantica.com/perfume/Jequiti/Eu-Desperto-Jabuticabas-Vermelhas-61256.html
413,https://www.fragrantica.com/perfume/Jequiti/Eu-Devoro-Chocolate-61253.html
414,https://www.fragrantica.com/perfume/Jequiti/Eu-Encanto-Coquetel-de-Amora-56297.html
415,https://www.fragrantica.com/perfume/Jequiti/Eu-Encanto-Flores-da-Noite-36139.html
416,https://www.fragrantica.com/perfume/Jequiti/Eu-Encanto-Frutas-do-Bosque-36136.html
417,https://www.fragrantica.com/perfume/Jequiti/Eu-Envolvo-34631.html
418,https://www.fragrantica.com/perfume/Jequiti/Eu-Envolvo-Licor-de-Amendoas-61251.html
419,https://www.fragrantica.com/perfume/Jequiti/Eu-Flavia-Pavanelli-59743.html
420,https://www.fragrantica.com/perfume/Jequiti/Eu-Gabriela-Pugliesi-61319.html
421,https://www.fragrantica.com/perfume/Jequiti/Eu-Mulher-34640.html
422,https://www.fragrantica.com/perfume/Jequiti/Eu-Provoco-34635.html
423,https://www.fragrantica.com/perfume/Jequiti/Florasense-25203.html
424,https://www.fragrantica.com/perfume/Jequiti/Gio-Antonelli-Intenso-70103.html
425,https://www.fragrantica.com/perfume/Jequiti/Jolie-66615.html
426,https://www.fragrantica.com/perfume/Jequiti/Jolie-Chic-74488.html
427,https://www.fragrantica.com/perfume/Jequiti/L-Essence-de-Paris-Amour-Amour-Amour-46236.html
428,https://www.fragrantica.com/perfume/Jequiti/Lamborghini-46227.html
429,https://www.fragrantica.com/perfume/Jequiti/Larissa-Manoela-59738.html
430,https://www.fragrantica.com/perfume/Jequiti/Larissa-Manoela-69968.html
431,https://www.fragrantica.com/perfume/Jequiti/Larissa-Manoela-Selfie-59739.html
432,https://www.fragrantica.com/perfume/Jequiti/Larissa-Manoela-Fantasy-59741.html
433,https://www.fragrantica.com/perfume/Jequiti/Larissa-Manoela-Love-59740.html
434,https://www.fragrantica.com/perfume/Jequiti/Livre-Encantadora-35755.html
435,https://www.fragrantica.com/perfume/Jequiti/Livre-Sensual-35756.html
436,https://www.fragrantica.com/perfume/Jequiti/Luan-Santana-Feminina-38431.html
437,https://www.fragrantica.com/perfume/Jequiti/Luan-Santana-Masculina-38432.html
438,https://www.fragrantica.com/perfume/Jequiti/Maisa-Selfie-59737.html
439,https://www.fragrantica.com/perfume/Jequiti/Puro-Malte-41994.html
440,https://www.fragrantica.com/perfume/Jequiti/Maria-Manha-Aconchego-68712.html
441,https://www.fragrantica.com/perfume/Jequiti/Maria-Manha-com-Amor-68710.html
442,https://www.fragrantica.com/perfume/Jequiti/Maria-Manha-com-Carinho-68711.html
443,https://www.fragrantica.com/perfume/Jequiti/Maria-Manha-com-Encanto-68714.html
444,https://www.fragrantica.com/perfume/Jequiti/Maria-Manha-de-Sonho-25206.html
445,https://www.fragrantica.com/perfume/Jequiti/Maria-Manha-Delicado-68713.html
446,https://www.fragrantica.com/perfume/Jequiti/Maria-Manha-em-Flor-68708.html
447,https://www.fragrantica.com/perfume/Jequiti/Maria-Manha-em-Flor-Lirio-68709.html
448,https://www.fragrantica.com/perfume/Jequiti/Maria-Manha-em-Poesia-25207.html
449,https://www.fragrantica.com/perfume/Jequiti/Maria-Manha-Flor-68707.html
450,https://www.fragrantica.com/perfume/Jequiti/Maria-Manha-Jardim-68706.html
451,https://www.fragrantica.com/perfume/Jequiti/Maria-Manha-Radiante-68705.html
452,https://www.fragrantica.com/perfume/Jequiti/Meu-Bebe-Soninho-61243.html
453,https://www.fragrantica.com/perfume/Jequiti/Flor-de-Jasmin-38300.html
454,https://www.fragrantica.com/perfume/Jequiti/Patricia-Abravanel-Eterno-37922.html
455,https://www.fragrantica.com/perfume/Jequiti/Patricia-Abravanel-Paixao-64481.html
456,https://www.fragrantica.com/perfume/Jequiti/Prive-Homme-Golden-68518.html
457,https://www.fragrantica.com/perfume/Jequiti/Rodrigo-Faro-38429.html
458,https://www.fragrantica.com/perfume/Jequiti/Rodrigo-Faro-Casual-68173.html
459,https://www.fragrantica.com/perfume/Jequiti/Rodrigo-Faro-Energy-61007.html
460,https://www.fragrantica.com/perfume/Jequiti/Rodrigo-Faro-Sport-45321.html
461,https://www.fragrantica.com/perfume/Jequiti/Rodrigo-Faro-Unico-38430.html
462,https://www.fragrantica.com/perfume/Jequiti/Royal-Madeira-25232.html
463,https://www.fragrantica.com/perfume/Jequiti/Royal-Madeira-25233.html
464,https://www.fragrantica.com/perfume/Jequiti/Royal-Madeira-Absoluto-41908.html
465,https://www.fragrantica.com/perfume/Jequiti/Royal-Madeira-Blanc-47149.html
466,https://www.fragrantica.com/perfume/Jequiti/Royal-Madeira-Unico-71281.html
467,https://www.fragrantica.com/perfume/Jequiti/Cruzeiro-E-C-72749.html
468,https://www.fragrantica.com/perfume/Jequiti/Uzon-4x4-25241.html
469,https://www.fragrantica.com/perfume/Jequiti/Uzon-Deep-62393.html
470,https://www.fragrantica.com/perfume/Jequiti/Uzon-Explorer-56496.html
471,https://www.fragrantica.com/perfume/Jequiti/Uzon-Extreme-73847.html
472,https://www.fragrantica.com/perfume/Jequiti/Uzon-Fogo-25243.html
473,https://www.fragrantica.com/perfume/Jequiti/Uzon-Fresh-25244.html
474,https://www.fragrantica.com/perfume/Jequiti/Uzon-Impacto-43561.html
475,https://www.fragrantica.com/perfume/Jequiti/Uzon-Magnetic-65829.html
476,https://www.fragrantica.com/perfume/Jequiti/Abacaxi-e-Lima-35324.html
477,https://www.fragrantica.com/perfume/Jequiti/Amora-e-Ameixa-35318.html
478,https://www.fragrantica.com/perfume/Jequiti/Beleza-das-Flores-Camelia-61262.html
479,https://www.fragrantica.com/perfume/Jequiti/Beleza-das-Flores-Flor-de-Lotus-61263.html
480,https://www.fragrantica.com/perfume/Jequiti/Vida-Flor-de-Lichia-71786.html
481,https://www.fragrantica.com/perfume/Jequiti/Vida-Vibrante-Fresia-62630.html
482,https://www.fragrantica.com/perfume/L-acqua-Di-Fiori/Evolution-Onix-25438.html
483,https://www.fragrantica.com/perfume/L-acqua-Di-Fiori/Fruits-25366.html
484,https://www.fragrantica.com/perfume/L-acqua-Di-Fiori/H2O-Summer-25433.html
485,https://www.fragrantica.com/perfume/L-acqua-Di-Fiori/Insider-25442.html
486,https://www.fragrantica.com/perfume/L-acqua-Di-Fiori/L-acqua-Fresca-25425.html
487,https://www.fragrantica.com/perfume/L-acqua-di-Fiori/L-Acqua-Infantil-43140.html
488,https://www.fragrantica.com/perfume/L-acqua-Di-Fiori/Laccio-25430.html
489,https://www.fragrantica.com/perfume/L-acqua-Di-Fiori/Ladro-25451.html
490,https://www.fragrantica.com/perfume/L-acqua-Di-Fiori/Malya-25431.html
491,https://www.fragrantica.com/perfume/L-acqua-Di-Fiori/Myzar-25428.html
492,https://www.fragrantica.com/perfume/L-acqua-Di-Fiori/Neapolitan-Cupcake-Chic-25422.html
493,https://www.fragrantica.com/perfume/L-acqua-Di-Fiori/Night-Runner-25450.html
494,https://www.fragrantica.com/perfume/L-acqua-Di-Fiori/Party-Rock-For-Him-25375.html
495,https://www.fragrantica.com/perfume/L-acqua-di-Fiori/Teens-for-Her-43142.html
496,https://www.fragrantica.com/perfume/L-acqua-Di-Fiori/Fougere-25370.html
497,https://www.fragrantica.com/perfume/L-acqua-Di-Fiori/L-acqua-Scented-Summer-Mornings-25362.html
498,https://www.fragrantica.com/perfume/L-acqua-Di-Fiori/Lavender-25367.html
499,https://www.fragrantica.com/perfume/L-acqua-Di-Fiori/Manhas-de-Primavera-31933.html
500,https://www.fragrantica.com/perfume/L-acqua-Di-Fiori/Musk-31936.html
501,https://www.fragrantica.com/perfume/L-acqua-Di-Fiori/Noites-de-Primavera-31932.html
502,https://www.fragrantica.com/perfume/L-acqua-Di-Fiori/Summer-Nights-25365.html
503,https://www.fragrantica.com/perfume/L-acqua-Di-Fiori/Tardes-de-Primavera-31934.html
504,https://www.fragrantica.com/perfume/L-acqua-Di-Fiori/Vanila-31937.html
505,https://www.fragrantica.com/perfume/L-acqua-Di-Fiori/Woods-25371.html
506,https://www.fragrantica.com/perfume/L-acqua-Di-Fiori/Ototemo-25342.html
507,https://www.fragrantica.com/perfume/L-acqua-Di-Fiori/Ototemo-Deep-Blue-25343.html
508,https://www.fragrantica.com/perfume/L-acqua-Di-Fiori/Extreme-25440.html
509,https://www.fragrantica.com/perfume/Mahogany/Bitter-Flower-37707.html
510,https://www.fragrantica.com/perfume/Mahogany/DSGN-Man-56327.html
511,https://www.fragrantica.com/perfume/Mahogany/Energy-43146.html
512,https://www.fragrantica.com/perfume/Mahogany/Glam-57049.html
513,https://www.fragrantica.com/perfume/Mahogany/Jasmin-D-Egypte-24997.html
514,https://www.fragrantica.com/perfume/Mahogany/Jeans-46892.html
515,https://www.fragrantica.com/perfume/Mahogany/Jeans-Destroyed-51969.html
516,https://www.fragrantica.com/perfume/Mahogany/KEEN-25000.html
517,https://www.fragrantica.com/perfume/Mahogany/Khamsin-32633.html
518,https://www.fragrantica.com/perfume/Mahogany/L-Epine-57060.html
519,https://www.fragrantica.com/perfume/Mahogany/L-Intense-70664.html
520,https://www.fragrantica.com/perfume/Mahogany/La-Fleur-41703.html
521,https://www.fragrantica.com/perfume/Mahogany/Lavanda-Algodao-25013.html
522,https://www.fragrantica.com/perfume/Mahogany/Limao-Siciliano-34056.html
523,https://www.fragrantica.com/perfume/Mahogany/Make-Me-Fever-Rose-47634.html
524,https://www.fragrantica.com/perfume/Mahogany/My-Place-46891.html
525,https://www.fragrantica.com/perfume/Mahogany/Petales-de-Roses-Blanches-24990.html
526,https://www.fragrantica.com/perfume/Mahogany/Python-Flowers-32575.html
527,https://www.fragrantica.com/perfume/Mahogany/Savana-Style-31027.html
528,https://www.fragrantica.com/perfume/Mahogany/Secret-Kisses-25002.html
529,https://www.fragrantica.com/perfume/Mahogany/Sogno-Mediterraneo-72742.html
530,https://www.fragrantica.com/perfume/Mahogany/Sport-R-32576.html
531,https://www.fragrantica.com/perfume/Mahogany/Sport-Very-Back-32597.html
532,https://www.fragrantica.com/perfume/Mahogany/Spring-32595.html
533,https://www.fragrantica.com/perfume/Mahogany/Stark-24981.html
534,https://www.fragrantica.com/perfume/Mahogany/Style-Pleasures-55369.html
535,https://www.fragrantica.com/perfume/Mahogany/Tabak-24982.html
536,https://www.fragrantica.com/perfume/Mahogany/Zanzibar-25001.html
537,https://www.fragrantica.com/perfume/Mahogany/Hawaii-Sunset-57056.html
538,https://www.fragrantica.com/perfume/Mahogany/Secret-Kisses-Banho-Perfumado-33214.html
539,https://www.fragrantica.com/perfume/Mahogany/Zamzibar-Summer-67359.html
540,https://www.fragrantica.com/perfume/Mahogany/Pimenta-Rosa-e-Cedro-68524.html
541,https://www.fragrantica.com/perfume/Natura/Atmos-36652.html
542,https://www.fragrantica.com/perfume/Natura/Ciprus-62334.html
543,https://www.fragrantica.com/perfume/Natura/Eau-de-L-arc-56341.html
544,https://www.fragrantica.com/perfume/Natura/Eau-de-L-arc-Herbelle-62613.html
545,https://www.fragrantica.com/perfume/Natura/Essencial-Oud-Vanilla-67957.html
546,https://www.fragrantica.com/perfume/Natura/Exsultate-33953.html
547,https://www.fragrantica.com/perfume/Natura/Gen-33957.html
548,https://www.fragrantica.com/perfume/Natura/Intuicao-33955.html
549,https://www.fragrantica.com/perfume/Natura/Lavanda-62342.html
550,https://www.fragrantica.com/perfume/Natura/Musc-62338.html
551,https://www.fragrantica.com/perfume/Natura/Urbano-26087.html
552,https://www.fragrantica.com/perfume/Natura/Carambola-71028.html
553,https://www.fragrantica.com/perfume/Natura/Cha-de-Frutas-71518.html
554,https://www.fragrantica.com/perfume/Natura/Dias-de-Verao-49006.html
555,https://www.fragrantica.com/perfume/Natura/Encanto-das-Rosas-71575.html
556,https://www.fragrantica.com/perfume/Natura/Especiarias-Frescas-62599.html
557,https://www.fragrantica.com/perfume/Natura/Flor-D-agua-56437.html
558,https://www.fragrantica.com/perfume/Natura/Flor-de-Cerejeira-26049.html
559,https://www.fragrantica.com/perfume/Natura/Flor-de-Fresia-71522.html
560,https://www.fragrantica.com/perfume/Natura/Flor-de-Laranjeira-26062.html
561,https://www.fragrantica.com/perfume/Natura/Flor-de-Lotus-71523.html
562,https://www.fragrantica.com/perfume/Natura/Flor-de-Maca-71029.html
563,https://www.fragrantica.com/perfume/Natura/Flores-Delicadas-60595.html
564,https://www.fragrantica.com/perfume/Natura/Lavanda-Envolvente-26065.html
565,https://www.fragrantica.com/perfume/Natura/Rosa-Ambar-Taimir-56230.html
566,https://www.fragrantica.com/perfume/Natura/Refrescante-2010-35764.html
567,https://www.fragrantica.com/perfume/Natura/Amis-Uva-43541.html
568,https://www.fragrantica.com/perfume/Natura/Esquenta-Intenso-31807.html
569,https://www.fragrantica.com/perfume/Natura/Provoca-26125.html
570,https://www.fragrantica.com/perfume/Natura/Biografia-26039.html
571,https://www.fragrantica.com/perfume/Natura/Biografia-26040.html
572,https://www.fragrantica.com/perfume/Natura/Biografia-Assinatura-58312.html
573,https://www.fragrantica.com/perfume/Natura/Biografia-Assinatura-58313.html
574,https://www.fragrantica.com/perfume/Natura/Biografia-Caminhos-67391.html
575,https://www.fragrantica.com/perfume/Natura/Biografia-Caminhos-67392.html
576,https://www.fragrantica.com/perfume/Natura/Biografia-Contos-de-Verao-42446.html
577,https://www.fragrantica.com/perfume/Natura/Biografia-Encontros-73351.html
578,https://www.fragrantica.com/perfume/Natura/Biografia-Inspire-41477.html
579,https://www.fragrantica.com/perfume/Natura/Desperte-31812.html
580,https://www.fragrantica.com/perfume/Natura/Ervas-Feminino-31905.html
581,https://www.fragrantica.com/perfume/Natura/Collages-Jacaranda-60787.html
582,https://www.fragrantica.com/perfume/Natura/Collages-Nectar-60789.html
583,https://www.fragrantica.com/perfume/Natura/Collages-Terra-60790.html
584,https://www.fragrantica.com/perfume/Natura/Due-34004.html
585,https://www.fragrantica.com/perfume/Natura/Due-34005.html
586,https://www.fragrantica.com/perfume/Natura/Essencial-Elixir-44732.html
587,https://www.fragrantica.com/perfume/Natura/Essencial-Elixir-48586.html
588,https://www.fragrantica.com/perfume/Natura/Essencial-Estilo-33924.html
589,https://www.fragrantica.com/perfume/Natura/Essencial-Estilo-33925.html
590,https://www.fragrantica.com/perfume/Natura/Essencial-Exclusivo-12099.html
591,https://www.fragrantica.com/perfume/Natura/Essencial-Exclusivo-26140.html
592,https://www.fragrantica.com/perfume/Natura/Essencial-Exclusivo-Floral-33919.html
593,https://www.fragrantica.com/perfume/Natura/Essencial-Oud-Pimenta-67196.html
594,https://www.fragrantica.com/perfume/Natura/Esta-Flor-Lavanda-58164.html
595,https://www.fragrantica.com/perfume/Natura/Faces-Inspiradora-71657.html
596,https://www.fragrantica.com/perfume/Natura/Ousada-26085.html
597,https://www.fragrantica.com/perfume/Natura/Hoje-33298.html
598,https://www.fragrantica.com/perfume/Natura/Homem-Dom-56083.html
599,https://www.fragrantica.com/perfume/Natura/Homem-Elemento-26092.html
600,https://www.fragrantica.com/perfume/Natura/Homem-Emocion-e-62028.html
601,https://www.fragrantica.com/perfume/Natura/Homem-Especiarias-36651.html
602,https://www.fragrantica.com/perfume/Natura/Homem-Essence-40309.html
603,https://www.fragrantica.com/perfume/Natura/Homem-Ion-26098.html
604,https://www.fragrantica.com/perfume/Natura/Homem-Madeiras-33473.html
605,https://www.fragrantica.com/perfume/Natura/Homem-Nitro-26090.html
606,https://www.fragrantica.com/perfume/Natura/Homem-Nitro-Intenso-34757.html
607,https://www.fragrantica.com/perfume/Natura/Homem-Tato-68157.html
608,https://www.fragrantica.com/perfume/Natura/Curtidas-de-Humor-54717.html
609,https://www.fragrantica.com/perfume/Natura/Humor-6-Paz-e-Humor-26110.html
610,https://www.fragrantica.com/perfume/Natura/Humor-a-Rigor-34951.html
611,https://www.fragrantica.com/perfume/Natura/Humor-a-Vista-52713.html
612,https://www.fragrantica.com/perfume/Natura/Humor-Bom-Bom-34754.html
613,https://www.fragrantica.com/perfume/Natura/Humor-da-Minha-Vida-43620.html
614,https://www.fragrantica.com/perfume/Natura/Humor-de-Salto-Alto-58421.html
615,https://www.fragrantica.com/perfume/Natura/Humor-Liberta-71736.html
616,https://www.fragrantica.com/perfume/Natura/Humor-no-Ar-26114.html
617,https://www.fragrantica.com/perfume/Natura/Humor-On-line-68230.html
618,https://www.fragrantica.com/perfume/Natura/Humor-On-line-68231.html
619,https://www.fragrantica.com/perfume/Natura/Humor-Perfeito-31801.html
620,https://www.fragrantica.com/perfume/Natura/Humor-Secreto-31805.html
621,https://www.fragrantica.com/perfume/Natura/Ilia-Flor-de-Laranjeira-64960.html
622,https://www.fragrantica.com/perfume/Natura/K-Max-55558.html
623,https://www.fragrantica.com/perfume/Natura/Kaiak-Expedicao-31808.html
624,https://www.fragrantica.com/perfume/Natura/Kaiak-Vital-69432.html
625,https://www.fragrantica.com/perfume/Natura/Kriska-Encanto-26047.html
626,https://www.fragrantica.com/perfume/Natura/Kriska-Flores-71526.html
627,https://www.fragrantica.com/perfume/Natura/Kriska-Freedom-26046.html
628,https://www.fragrantica.com/perfume/Natura/Kriska-Fresia-71525.html
629,https://www.fragrantica.com/perfume/Natura/Kriska-Jeans-34510.html
630,https://www.fragrantica.com/perfume/Natura/Kriska-Mania-53321.html
631,https://www.fragrantica.com/perfume/Natura/Kriska-Shock-48978.html
632,https://www.fragrantica.com/perfume/Natura/Kriska-Sonhos-72216.html
633,https://www.fragrantica.com/perfume/Natura/Luna-31811.html
634,https://www.fragrantica.com/perfume/Natura/Luna-Fascinante-59022.html
635,https://www.fragrantica.com/perfume/Natura/Luna-Floral-46831.html
636,https://www.fragrantica.com/perfume/Natura/Momento-Sono-56600.html
637,https://www.fragrantica.com/perfume/Natura/Agua-de-Banho-Puro-Breu-41707.html
638,https://www.fragrantica.com/perfume/Natura/Agua-de-Banho-Segredos-de-Breu-26030.html
639,https://www.fragrantica.com/perfume/Natura/Capim-Limao-58436.html
640,https://www.fragrantica.com/perfume/Natura/Copaiba-34407.html
641,https://www.fragrantica.com/perfume/Natura/Cumaru-41708.html
642,https://www.fragrantica.com/perfume/Natura/Ekos-Alma-57255.html
643,https://www.fragrantica.com/perfume/Natura/Ekos-Estoraque-2021-66249.html
644,https://www.fragrantica.com/perfume/Natura/Encanto-das-Aguas-41706.html
645,https://www.fragrantica.com/perfume/Natura/Essencia-de-Moca-33654.html
646,https://www.fragrantica.com/perfume/Natura/Essencia-Misteriosa-Pataqueira-33910.html
647,https://www.fragrantica.com/perfume/Natura/Flor-da-Manha-43624.html
648,https://www.fragrantica.com/perfume/Natura/Flor-do-Luar-38286.html
649,https://www.fragrantica.com/perfume/Natura/Frescor-de-Maracuja-Rosa-34406.html
650,https://www.fragrantica.com/perfume/Natura/Mate-Green-Mate-Verde-26028.html
651,https://www.fragrantica.com/perfume/Natura/Bem-Bom-Meninos-61410.html
652,https://www.fragrantica.com/perfume/Natura/SPFW-Arte-35771.html
653,https://www.fragrantica.com/perfume/Natura/Sintonia-Impacto-57189.html
654,https://www.fragrantica.com/perfume/Natura/Sintonia-Instinto-68340.html
655,https://www.fragrantica.com/perfume/Natura/Sintonia-Maxx-26177.html
656,https://www.fragrantica.com/perfume/Natura/Sintonia-Noite-26175.html
657,https://www.fragrantica.com/perfume/Natura/Sintonia-Total-26176.html
658,https://www.fragrantica.com/perfume/Natura/Sintonia-Total-57111.html
659,https://www.fragrantica.com/perfume/Natura/Lua-26100.html
660,https://www.fragrantica.com/perfume/Natura/Lua-de-Sonhar-26102.html
661,https://www.fragrantica.com/perfume/Natura/Sol-26099.html
662,https://www.fragrantica.com/perfume/Natura/Sr-N-Ambar-26178.html
663,https://www.fragrantica.com/perfume/Natura/Sr-N-Cedro-26179.html
664,https://www.fragrantica.com/perfume/Natura/Ameixa-e-Flor-de-Baunilha-67415.html
665,https://www.fragrantica.com/perfume/Natura/Dia-de-Sol-Frutas-Tropicais-36185.html
666,https://www.fragrantica.com/perfume/Natura/Flor-de-Maca-64711.html
667,https://www.fragrantica.com/perfume/Natura/Folhas-de-Limao-e-Graviola-54719.html
668,https://www.fragrantica.com/perfume/Natura/Framboesa-e-Pimenta-Rosa-34255.html
669,https://www.fragrantica.com/perfume/Natura/Framboesa-e-Pimenta-Vermelha-57650.html
670,https://www.fragrantica.com/perfume/Natura/Fresia-em-Flor-59034.html
671,https://www.fragrantica.com/perfume/Natura/Frutas-Vermelhas-33521.html
672,https://www.fragrantica.com/perfume/Natura/Frutas-Vermelhas-Intensas-56453.html
673,https://www.fragrantica.com/perfume/Natura/Lavanda-e-Baunilha-33501.html
674,https://www.fragrantica.com/perfume/Natura/Lima-e-Flor-de-Laranjeira-54353.html
675,https://www.fragrantica.com/perfume/Natura/Macadamia-33522.html
676,https://www.fragrantica.com/perfume/Natura/Manga-Rosa-e-Agua-de-Coco-63430.html
677,https://www.fragrantica.com/perfume/Natura/Una-Blush-57188.html
678,https://www.fragrantica.com/perfume/Nuancielo/Blue-Fresh-72067.html
679,https://www.fragrantica.com/perfume/Nuancielo/Essences-03-56725.html
680,https://www.fragrantica.com/perfume/Nuancielo/Essences-16-56774.html
681,https://www.fragrantica.com/perfume/Nuancielo/Essences-24-61072.html
682,https://www.fragrantica.com/perfume/Nuancielo/Essences-25-61070.html
683,https://www.fragrantica.com/perfume/Nuancielo/Essences-26-61054.html
684,https://www.fragrantica.com/perfume/Nuancielo/Essences-27-61053.html
685,https://www.fragrantica.com/perfume/Nuancielo/Essences-29-61068.html
686,https://www.fragrantica.com/perfume/Nuancielo/Essences-30-61066.html
687,https://www.fragrantica.com/perfume/Nuancielo/Essences-31-61065.html
688,https://www.fragrantica.com/perfume/Nuancielo/Essences-32-61064.html
689,https://www.fragrantica.com/perfume/Nuancielo/Essences-35-61063.html
690,https://www.fragrantica.com/perfume/Nuancielo/Essences-39-61058.html
691,https://www.fragrantica.com/perfume/Nuancielo/Essences-41-61052.html
692,https://www.fragrantica.com/perfume/Nuancielo/Evo-61571.html
693,https://www.fragrantica.com/perfume/Nuancielo/Evodia-71570.html
694,https://www.fragrantica.com/perfume/Nuancielo/Hezron-71571.html
695,https://www.fragrantica.com/perfume/Nuancielo/Honey-60513.html
696,https://www.fragrantica.com/perfume/Nuancielo/Honora-60545.html
697,https://www.fragrantica.com/perfume/Nuancielo/Intense-Peach-71566.html
698,https://www.fragrantica.com/perfume/Nuancielo/Jocker-61579.html
699,https://www.fragrantica.com/perfume/Nuancielo/Kairos-61574.html
700,https://www.fragrantica.com/perfume/Nuancielo/Lemon-Neroli-71573.html
701,https://www.fragrantica.com/perfume/Nuancielo/Liberty-71574.html
702,https://www.fragrantica.com/perfume/Nuancielo/Lince-66322.html
703,https://www.fragrantica.com/perfume/Nuancielo/Lovely-60509.html
704,https://www.fragrantica.com/perfume/Nuancielo/Magna-61582.html
705,https://www.fragrantica.com/perfume/Nuancielo/Majesty-72574.html
706,https://www.fragrantica.com/perfume/Nuancielo/Supremacy-69120.html
707,https://www.fragrantica.com/perfume/O-Boticario/Acqua-di-Colonia-Lavanda-7291.html
708,https://www.fragrantica.com/perfume/O-Boticario/Clipping-65589.html
709,https://www.fragrantica.com/perfume/O-Boticario/Femme-com-7296.html
710,https://www.fragrantica.com/perfume/O-Boticario/Innamorata-7318.html
711,https://www.fragrantica.com/perfume/O-Boticario/Intense-Cats-36184.html
712,https://www.fragrantica.com/perfume/O-Boticario/Kalanit-34153.html
713,https://www.fragrantica.com/perfume/O-Boticario/Lavande-43636.html
714,https://www.fragrantica.com/perfume/O-Boticario/Lights-34186.html
715,https://www.fragrantica.com/perfume/O-Boticario/Lily-Eau-de-Parfum-2021-70412.html
716,https://www.fragrantica.com/perfume/O-Boticario/Linda-Summer-42916.html
717,https://www.fragrantica.com/perfume/O-Boticario/Linked-He-7354.html
718,https://www.fragrantica.com/perfume/O-Boticario/Linked-She-7321.html
719,https://www.fragrantica.com/perfume/O-Boticario/Malitzia-66366.html
720,https://www.fragrantica.com/perfume/O-Boticario/Mamie-Bella-19224.html
721,https://www.fragrantica.com/perfume/O-Boticario/Royalty-Celebrare-40926.html
722,https://www.fragrantica.com/perfume/O-Boticario/Tuareg-34049.html
723,https://www.fragrantica.com/perfume/O-Boticario/Vetiver-Brasil-7364.html
724,https://www.fragrantica.com/perfume/O-Boticario/Xtreme-7365.html
725,https://www.fragrantica.com/perfume/O-Boticario/Xtreme-Xplosion-12618.html
726,https://www.fragrantica.com/perfume/O-Boticario/Yang-34046.html
727,https://www.fragrantica.com/perfume/O-Boticario/Zingara-34155.html
728,https://www.fragrantica.com/perfume/O-Boticario/Accordes-7273.html
729,https://www.fragrantica.com/perfume/O-Boticario/Accordes-Celebrare-41730.html
730,https://www.fragrantica.com/perfume/O-Boticario/Accordes-Harmonia-9770.html
731,https://www.fragrantica.com/perfume/O-Boticario/Accordes-Lumiere-Gold-12539.html
732,https://www.fragrantica.com/perfume/O-Boticario/Accordes-Lumiere-Silver-12538.html
733,https://www.fragrantica.com/perfume/O-Boticario/Acqua-Banho-de-Sorte-19221.html
734,https://www.fragrantica.com/perfume/O-Boticario/Acqua-Musk-19243.html
735,https://www.fragrantica.com/perfume/O-Boticario/Alchemists-Neroli-66038.html
736,https://www.fragrantica.com/perfume/O-Boticario/Aroma-Terapia-Energia-Pro-Dia-67530.html
737,https://www.fragrantica.com/perfume/O-Boticario/214-Golden-Gardenia-58755.html
738,https://www.fragrantica.com/perfume/O-Boticario/214-Violeta-Sandalo-54539.html
739,https://www.fragrantica.com/perfume/O-Boticario/214-White-Neroli-60500.html
740,https://www.fragrantica.com/perfume/O-Boticario/214-Wood-Ambar-60498.html
741,https://www.fragrantica.com/perfume/O-Boticario/Botica-214-Dark-Mint-62089.html
742,https://www.fragrantica.com/perfume/O-Boticario/Botica-214-Verano-en-Firenze-74051.html
743,https://www.fragrantica.com/perfume/O-Boticario/Botica-214-Verano-en-Firenze-74052.html
744,https://www.fragrantica.com/perfume/O-Boticario/Botica-214-Wood-Vetiver-62818.html
745,https://www.fragrantica.com/perfume/O-Boticario/Capricho-33553.html
746,https://www.fragrantica.com/perfume/O-Boticario/Capricho-BeMyself-47729.html
747,https://www.fragrantica.com/perfume/O-Boticario/Capricho-Dancing-63894.html
748,https://www.fragrantica.com/perfume/O-Boticario/Capricho-Day-19226.html
749,https://www.fragrantica.com/perfume/O-Boticario/Capricho-Glam-56170.html
750,https://www.fragrantica.com/perfume/O-Boticario/Capricho-Vintage-19225.html
751,https://www.fragrantica.com/perfume/O-Boticario/Coffee-Duo-Woman-52573.html
752,https://www.fragrantica.com/perfume/O-Boticario/Coffee-Man-Fusion-58292.html
753,https://www.fragrantica.com/perfume/O-Boticario/Coffee-Man-Paradiso-41724.html
754,https://www.fragrantica.com/perfume/O-Boticario/Coffee-Man-Passione-29320.html
755,https://www.fragrantica.com/perfume/O-Boticario/Coffee-Man-Seduction-12798.html
756,https://www.fragrantica.com/perfume/O-Boticario/Coffee-Woman-Fusion-58293.html
757,https://www.fragrantica.com/perfume/O-Boticario/Coffee-Woman-Paradiso-41723.html
758,https://www.fragrantica.com/perfume/O-Boticario/Coffee-Woman-Passione-29319.html
759,https://www.fragrantica.com/perfume/O-Boticario/Coffee-Woman-Seduction-12799.html
760,https://www.fragrantica.com/perfume/O-Boticario/Coffee-Woman-Sense-61400.html
761,https://www.fragrantica.com/perfume/O-Boticario/Connexion-7350.html
762,https://www.fragrantica.com/perfume/O-Boticario/Connexion-My-Way-44555.html
763,https://www.fragrantica.com/perfume/O-Boticario/Cuide-se-Bem-Deleite-Delight-54326.html
764,https://www.fragrantica.com/perfume/O-Boticario/Dr-Botica-Pocao-da-Forca-63418.html
765,https://www.fragrantica.com/perfume/O-Boticario/Egeo-7295.html
766,https://www.fragrantica.com/perfume/O-Boticario/Egeo-Cherry-Blast-71735.html
767,https://www.fragrantica.com/perfume/O-Boticario/Egeo-Hit-68755.html
768,https://www.fragrantica.com/perfume/O-Boticario/Egeo-Hot-Pepper-38072.html
769,https://www.fragrantica.com/perfume/O-Boticario/Egeo-Kiss-Me-Man-58355.html
770,https://www.fragrantica.com/perfume/O-Boticario/Egeo-Kiss-Me-Woman-58354.html
771,https://www.fragrantica.com/perfume/O-Boticario/Egeo-On-Me-55430.html
772,https://www.fragrantica.com/perfume/O-Boticario/Egeo-On-You-55431.html
773,https://www.fragrantica.com/perfume/O-Boticario/Egeo-Pina-Blast-71734.html
774,https://www.fragrantica.com/perfume/O-Boticario/Egeo-Provoke-Man-18990.html
775,https://www.fragrantica.com/perfume/O-Boticario/Egeo-Provoke-Woman-18999.html
776,https://www.fragrantica.com/perfume/O-Boticario/Egeo-Seduza-33438.html
777,https://www.fragrantica.com/perfume/O-Boticario/Egeo-Spicy-Vibe-61037.html
778,https://www.fragrantica.com/perfume/O-Boticario/Floratta-Buque-de-Flores-41729.html
779,https://www.fragrantica.com/perfume/O-Boticario/Floratta-in-Gold-7315.html
780,https://www.fragrantica.com/perfume/O-Boticario/Floratta-in-Rose-7316.html
781,https://www.fragrantica.com/perfume/O-Boticario/Floratta-in-Rose-Amour-41732.html
782,https://www.fragrantica.com/perfume/O-Boticario/Floratta-in-Rose-Belle-12640.html
783,https://www.fragrantica.com/perfume/O-Boticario/Floratta-in-Silver-38438.html
784,https://www.fragrantica.com/perfume/O-Boticario/Floratta-L-Amore-53322.html
785,https://www.fragrantica.com/perfume/O-Boticario/Floratta-Love-Flower-58777.html
786,https://www.fragrantica.com/perfume/O-Boticario/Floratta-My-Blue-72260.html
787,https://www.fragrantica.com/perfume/O-Boticario/Floratta-Red-54609.html
788,https://www.fragrantica.com/perfume/O-Boticario/Floratta-Ruby-9772.html
789,https://www.fragrantica.com/perfume/O-Boticario/Floratta-Sapphire-9773.html
790,https://www.fragrantica.com/perfume/O-Boticario/Floratta-Simple-Love-66480.html
791,https://www.fragrantica.com/perfume/O-Boticario/Glamour-Love-Me-44777.html
792,https://www.fragrantica.com/perfume/O-Boticario/Insensatez-2-68953.html
793,https://www.fragrantica.com/perfume/O-Boticario/Intense-Boom-65986.html
794,https://www.fragrantica.com/perfume/O-Boticario/Lily-Divine-19005.html
795,https://www.fragrantica.com/perfume/O-Boticario/Linda-Inspiracao-33549.html
796,https://www.fragrantica.com/perfume/O-Boticario/Ma-Cherie-Star-35483.html
797,https://www.fragrantica.com/perfume/O-Boticario/Make-B-Africanissima-40901.html
798,https://www.fragrantica.com/perfume/O-Boticario/Make-B-Barbie-Edition-40918.html
799,https://www.fragrantica.com/perfume/O-Boticario/Make-B-Barroco-Tropical-37998.html
800,https://www.fragrantica.com/perfume/O-Boticario/Make-B-Eau-de-Parfum-25793.html
801,https://www.fragrantica.com/perfume/O-Boticario/Make-B-Gold-66046.html
802,https://www.fragrantica.com/perfume/O-Boticario/Make-B-Lumina-34755.html
803,https://www.fragrantica.com/perfume/O-Boticario/Make-B-Modern-Asia-44778.html
804,https://www.fragrantica.com/perfume/O-Boticario/Make-B-Rio-Sixties-25794.html
805,https://www.fragrantica.com/perfume/O-Boticario/Make-B-Universe-Collection-31781.html
806,https://www.fragrantica.com/perfume/O-Boticario/Make-B-Urban-Ballet-37997.html
807,https://www.fragrantica.com/perfume/O-Boticario/Malbec-Flame-62738.html
808,https://www.fragrantica.com/perfume/O-Boticario/Malbec-Supremo-35251.html
809,https://www.fragrantica.com/perfume/O-Boticario/Malbec-X-72694.html
810,https://www.fragrantica.com/perfume/O-Boticario/Men-32149.html
811,https://www.fragrantica.com/perfume/O-Boticario/Men-2021-65124.html
812,https://www.fragrantica.com/perfume/O-Boticario/Men-Only-38547.html
813,https://www.fragrantica.com/perfume/O-Boticario/Myriad-7322.html
814,https://www.fragrantica.com/perfume/O-Boticario/Myriad-Blanc-33474.html
815,https://www.fragrantica.com/perfume/O-Boticario/Myriad-Celebrare-33475.html
816,https://www.fragrantica.com/perfume/O-Boticario/Acai-56345.html
817,https://www.fragrantica.com/perfume/O-Boticario/Ameixa-65804.html
818,https://www.fragrantica.com/perfume/O-Boticario/Ameixa-Negra-54352.html
819,https://www.fragrantica.com/perfume/O-Boticario/Baunilha-de-Madagascar-65803.html
820,https://www.fragrantica.com/perfume/O-Boticario/Matcha-61435.html
821,https://www.fragrantica.com/perfume/O-Boticario/Aguas-de-Hibisco-Anis-56891.html
822,https://www.fragrantica.com/perfume/O-Boticario/Nativa-SPA-Rose-Cassis-7338.html
823,https://www.fragrantica.com/perfume/O-Boticario/Nativa-SPA-Verbena-Senses-19232.html
824,https://www.fragrantica.com/perfume/O-Boticario/Ops-In-Green-38463.html
825,https://www.fragrantica.com/perfume/O-Boticario/Ops-In-Red-38469.html
826,https://www.fragrantica.com/perfume/O-Boticario/Azul-Portinari-12100.html
827,https://www.fragrantica.com/perfume/O-Boticario/Portinari-7357.html
828,https://www.fragrantica.com/perfume/O-Boticario/Portinari-Memorias-38074.html
829,https://www.fragrantica.com/perfume/O-Boticario/Portinari-Pipas-38075.html
830,https://www.fragrantica.com/perfume/O-Boticario/Quasar-2019-61850.html
831,https://www.fragrantica.com/perfume/O-Boticario/Quasar-Brasil-35250.html
832,https://www.fragrantica.com/perfume/O-Boticario/Quasar-Brave-53752.html
833,https://www.fragrantica.com/perfume/O-Boticario/Quasar-Drop-XY-58295.html
834,https://www.fragrantica.com/perfume/O-Boticario/Quasar-Evolution-34684.html
835,https://www.fragrantica.com/perfume/O-Boticario/Quasar-Oxygen-19269.html
836,https://www.fragrantica.com/perfume/O-Boticario/Sophie-Candy-60482.html
837,https://www.fragrantica.com/perfume/O-Boticario/Sophie-Hello-60480.html
838,https://www.fragrantica.com/perfume/O-Boticario/Sophie-Like-60481.html
839,https://www.fragrantica.com/perfume/O-Boticario/Sophie-Moana-69451.html
840,https://www.fragrantica.com/perfume/O-Boticario/Styletto-7361.html
841,https://www.fragrantica.com/perfume/O-Boticario/Styletto-Elegance-18989.html
842,https://www.fragrantica.com/perfume/O-Boticario/Styletto-Intense-16108.html
843,https://www.fragrantica.com/perfume/O-Boticario/Styletto-Silver-57911.html
844,https://www.fragrantica.com/perfume/O-Boticario/Tarsila-7343.html
845,https://www.fragrantica.com/perfume/O-Boticario/Tarsila-Rouge-34504.html
846,https://www.fragrantica.com/perfume/O-Boticario/Thaty-7344.html
847,https://www.fragrantica.com/perfume/O-Boticario/Thaty-Amando-57327.html
848,https://www.fragrantica.com/perfume/O-Boticario/Uomini-Black-12714.html
849,https://www.fragrantica.com/perfume/O-Boticario/Zaad-3990.html
850,https://www.fragrantica.com/perfume/Phebo/Basilico-Roxo-58307.html
851,https://www.fragrantica.com/perfume/Phebo/Agua-de-Jasmim-56173.html
852,https://www.fragrantica.com/perfume/Phebo/Flor-de-Maio-66406.html
853,https://www.fragrantica.com/perfume/Phebo/Alfazema-Provencal-24627.html
854,https://www.fragrantica.com/perfume/Phebo/Cedro-do-Marrocos-25458.html
855,https://www.fragrantica.com/perfume/Phebo/Figo-da-Turquia-24629.html
856,https://www.fragrantica.com/perfume/Phebo/Geranio-Bourbon-57182.html
857,https://www.fragrantica.com/perfume/Phebo/Limao-Siciliano-25456.html
858,https://www.fragrantica.com/perfume/Phebo/Mandarina-Asiatica-60205.html
859,https://www.fragrantica.com/perfume/Phebo/Nectarina-da-Andaluzia-52174.html
860,https://www.fragrantica.com/perfume/Phebo/Tuberosa-Do-Egito-25457.html
861,https://www.fragrantica.com/perfume/Phebo/Carnaval-25338.html
862,https://www.fragrantica.com/perfume/Phebo/Frangipani-35549.html
863,https://www.fragrantica.com/perfume/Phebo/Arabica-54338.html
864,https://www.fragrantica.com/perfume/Phebo/Maia-54337.html
865,https://www.fragrantica.com/perfume/Phebo/Odor-de-Rosas-63558.html
866,https://www.fragrantica.com/perfume/Phebo/Olha-o-Mate-58330.html
867,https://www.fragrantica.com/perfume/Phebo/Patchouli-56199.html
868,https://www.fragrantica.com/perfume/Phebo/Santalum-56197.html
869,https://www.fragrantica.com/perfume/Phebo/Timur-55984.html
870,https://www.fragrantica.com/perfume/Phebo/Zimbro-52822.html
871,https://www.fragrantica.com/perfume/Phebo/Alfazema-Provencal-72393.html
872,https://www.fragrantica.com/perfume/Phebo/Folhas-de-Menta-72397.html
873,https://www.fragrantica.com/perfume/Phebo/Folhas-de-Salvia-72396.html
874,https://www.fragrantica.com/perfume/Phebo/Limao-Siciliano-72395.html
875,https://www.fragrantica.com/perfume/Quem-Disse-Berenice/A-Flor-Mais-Rosa-do-Meu-Jardim-25788.html
876,https://www.fragrantica.com/perfume/Quem-Disse-Berenice/Meu-Jardim-Secreto-e-Mais-Verde-25798.html
877,https://www.fragrantica.com/perfume/Quem-Disse-Berenice/Flor-Mais-Rosa-68069.html
878,https://www.fragrantica.com/perfume/Sapientiae-Niche/Graal-44912.html
879,https://www.fragrantica.com/perfume/Sapientiae-Niche/Vanille-Noir-44914.html
880,https://www.fragrantica.com/perfume/Sapientiae-Niche/Marvelous-56913.html
881,https://www.fragrantica.com/perfume/Sapientiae-Niche/Woodventura-56915.html
882,https://www.fragrantica.com/perfume/Thera-Cosmeticos/Adisa-57191.html
883,https://www.fragrantica.com/perfume/Thera-Cosmeticos/Aegea-57192.html
884,https://www.fragrantica.com/perfume/Thera-Cosmeticos/Afrodite-57193.html
885,https://www.fragrantica.com/perfume/Thera-Cosmeticos/Agatha-57194.html
886,https://www.fragrantica.com/perfume/Thera-Cosmeticos/Alepo-56501.html
887,https://www.fragrantica.com/perfume/Thera-Cosmeticos/Alina-57195.html
888,https://www.fragrantica.com/perfume/Thera-Cosmeticos/Ama-57196.html
889,https://www.fragrantica.com/perfume/Thera-Cosmeticos/Anafi-57197.html
890,https://www.fragrantica.com/perfume/Thera-Cosmeticos/Andros-56504.html
891,https://www.fragrantica.com/perfume/Thera-Cosmeticos/Artemis-57201.html
892,https://www.fragrantica.com/perfume/Thera-Cosmeticos/Beirute-56527.html
893,https://www.fragrantica.com/perfume/Thera-Cosmeticos/Berlin-56528.html
894,https://www.fragrantica.com/perfume/Thera-Cosmeticos/Biblos-56529.html
895,https://www.fragrantica.com/perfume/Thera-Cosmeticos/Bissau-56530.html
896,https://www.fragrantica.com/perfume/Thera-Cosmeticos/Bose-68701.html
897,https://www.fragrantica.com/perfume/Thera-Cosmeticos/Brisia-57205.html
898,https://www.fragrantica.com/perfume/Thera-Cosmeticos/Centauro-56531.html
899,https://www.fragrantica.com/perfume/Thera-Cosmeticos/Ceos-56532.html
900,https://www.fragrantica.com/perfume/Thera-Cosmeticos/Ceres-57206.html
901,https://www.fragrantica.com/perfume/Thera-Cosmeticos/Cher-57207.html
902,https://www.fragrantica.com/perfume/Thera-Cosmeticos/Chipre-57208.html
903,https://www.fragrantica.com/perfume/Thera-Cosmeticos/Crater-56533.html
904,https://www.fragrantica.com/perfume/Thera-Cosmeticos/Drago-56538.html
905,https://www.fragrantica.com/perfume/Thera-Cosmeticos/Gaia-57221.html
906,https://www.fragrantica.com/perfume/Thera-Cosmeticos/Hipos-56625.html
907,https://www.fragrantica.com/perfume/Thera-Cosmeticos/Khatar-56630.html
908,https://www.fragrantica.com/perfume/Thera-Cosmeticos/Laos-56637.html
909,https://www.fragrantica.com/perfume/Thera-Cosmeticos/Laureta-57233.html
910,https://www.fragrantica.com/perfume/Thera-Cosmeticos/Levi-56639.html
911,https://www.fragrantica.com/perfume/Thera-Cosmeticos/Levitha-57234.html
912,https://www.fragrantica.com/perfume/Thera-Cosmeticos/Liber-56640.html
913,https://www.fragrantica.com/perfume/Thera-Cosmeticos/Lion-73115.html
914,https://www.fragrantica.com/perfume/Thera-Cosmeticos/Lode-56641.html
915,https://www.fragrantica.com/perfume/Thera-Cosmeticos/Loris-56642.html
916,https://www.fragrantica.com/perfume/Thera-Cosmeticos/Lotus-56643.html
917,https://www.fragrantica.com/perfume/Thera-Cosmeticos/Madrid-57237.html
918,https://www.fragrantica.com/perfume/Thera-Cosmeticos/Malta-56644.html
919,https://www.fragrantica.com/perfume/Thera-Cosmeticos/Nikaia-57241.html
920,https://www.fragrantica.com/perfume/Thera-Cosmeticos/Salamina-57243.html
921,https://www.fragrantica.com/perfume/Thera-Cosmeticos/Santorini-56660.html
922,https://www.fragrantica.com/perfume/Thera-Cosmeticos/Scarlet-57244.html
923,https://www.fragrantica.com/perfume/Thera-Cosmeticos/Serifos-56661.html
924,https://www.fragrantica.com/perfume/Thera-Cosmeticos/Sikinos-56662.html
925,https://www.fragrantica.com/perfume/Thera-Cosmeticos/Simi-57245.html
926,https://www.fragrantica.com/perfume/Thera-Cosmeticos/Sofia-57266.html
927,https://www.fragrantica.com/perfume/Thera-Cosmeticos/Sucre-56843.html
928,https://www.fragrantica.com/perfume/Thera-Cosmeticos/Sur-56845.html
929,https://www.fragrantica.com/perfume/Thera-Cosmeticos/Syros-56846.html
930,https://www.fragrantica.com/perfume/Thera-Cosmeticos/Tarso-56857.html
931,https://www.fragrantica.com/perfume/Thera-Cosmeticos/Taurus-56862.html
932,https://www.fragrantica.com/perfume/Thera-Cosmeticos/Troia-56877.html
933,https://www.fragrantica.com/perfume/Thera-Cosmeticos/Cora-74486.html
934,https://www.fragrantica.com/perfume/Abelha-Rainha/Cacador-74259.html
935,https://www.fragrantica.com/perfume/Abelha-Rainha/Lendario-74253.html
936,https://www.fragrantica.com/perfume/Abelha-Rainha/Vegas-74258.html
937,https://www.fragrantica.com/perfume/Abelha-Rainha/Volupia-61360.html
938,https://www.fragrantica.com/perfume/Abelha-Rainha/K-sual-63445.html
939,https://www.fragrantica.com/perfume/Abelha-Rainha/K-sual-Ela-63447.html
940,https://www.fragrantica.com/perfume/Abelha-Rainha/K-sual-Ele-63446.html
941,https://www.fragrantica.com/perfume/Abelha-Rainha/Madeira-do-Oriente-Classic-63370.html
942,https://www.fragrantica.com/perfume/Above/Candy-71493.html
943,https://www.fragrantica.com/perfume/Above/Delicata-71495.html
944,https://www.fragrantica.com/perfume/Above/Fascinatio-71494.html
945,https://www.fragrantica.com/perfume/Aisha-Perfumes-by-Neide-Albano/Cocoa-Tuberose-30078.html
946,https://www.fragrantica.com/perfume/Al-Zahra/Incense-Oud-65188.html
947,https://www.fragrantica.com/perfume/Alfaroma/Caricia-39998.html
948,https://www.fragrantica.com/perfume/Amyi/Amyi-II-60769.html
949,https://www.fragrantica.com/perfume/Amyi/Amyi-IV-60771.html
950,https://www.fragrantica.com/perfume/Amyi/Amyi-IX-60775.html
951,https://www.fragrantica.com/perfume/Amyi/Amyi-V-60772.html
952,https://www.fragrantica.com/perfume/Amyi/Amyi-VI-60773.html
953,https://www.fragrantica.com/perfume/Amyi/Amyi-VII-60774.html
954,https://www.fragrantica.com/perfume/Amyi/Amyi-VIII-60718.html
955,https://www.fragrantica.com/perfume/Amyi/Amyi-2-10-69017.html
956,https://www.fragrantica.com/perfume/Amyi/Amyi-2-11-69018.html
957,https://www.fragrantica.com/perfume/Amyi/Amyi-2-12-69020.html
958,https://www.fragrantica.com/perfume/Amyi/Amyi-2-13-69021.html
959,https://www.fragrantica.com/perfume/Amyi/Amyi-2-14-69022.html
960,https://www.fragrantica.com/perfume/Ana-Hickmann/Gold-in-Shadow-27962.html
961,https://www.fragrantica.com/perfume/Aquaflor/MM-70072.html
962,https://www.fragrantica.com/perfume/Avellaneda-Perfumes/Uomo-Parfum-68370.html
963,https://www.fragrantica.com/perfume/Be-Colonias/Be-Cha-Verde-54683.html
964,https://www.fragrantica.com/perfume/Bjo-Perfumes/Tropical-Passion-69198.html
965,https://www.fragrantica.com/perfume/Blosson-Ville/Agnes-72201.html
966,https://www.fragrantica.com/perfume/Blosson-Ville/Blosson-Baby-72206.html
967,https://www.fragrantica.com/perfume/Blosson-Ville/Blosson-Linna-73850.html
968,https://www.fragrantica.com/perfume/Blosson-Ville/Blosson-Tinny-72207.html
969,https://www.fragrantica.com/perfume/Blosson-Ville/Blue-Crystal-72198.html
970,https://www.fragrantica.com/perfume/Blosson-Ville/Feminy-72208.html
971,https://www.fragrantica.com/perfume/Blosson-Ville/Fetichy-72210.html
972,https://www.fragrantica.com/perfume/Blosson-Ville/Florage-72209.html
973,https://www.fragrantica.com/perfume/Blosson-Ville/Korum-73848.html
974,https://www.fragrantica.com/perfume/Blosson-Ville/Lara-72211.html
975,https://www.fragrantica.com/perfume/Blosson-Ville/Blosson-Kids-72191.html
976,https://www.fragrantica.com/perfume/Blosson-Ville/Versos-de-Encanto-72185.html
977,https://www.fragrantica.com/perfume/Blosson-Ville/Versos-de-Magia-72186.html
978,https://www.fragrantica.com/perfume/Blosson-Ville/Versos-de-Melodia-72184.html
979,https://www.fragrantica.com/perfume/Blosson-Ville/Versos-de-Sonhos-72183.html
980,https://www.fragrantica.com/perfume/Cacau-Show/Dark-Chock-56898.html
981,https://www.fragrantica.com/perfume/Cacau-Show/Love-Chock-56897.html
982,https://www.fragrantica.com/perfume/Cavalera/Bay-Rum-59665.html
983,https://www.fragrantica.com/perfume/Charme-Essencia/Cedro-e-Vinho-34396.html
984,https://www.fragrantica.com/perfume/Charme-Essencia/Diarum-Black-45509.html
985,https://www.fragrantica.com/perfume/Charme-Essencia/Elegans-31267.html
986,https://www.fragrantica.com/perfume/Charme-Essencia/Encanto-D-Charme-31263.html
987,https://www.fragrantica.com/perfume/Charme-Essencia/Enigma-31269.html
988,https://www.fragrantica.com/perfume/Charme-Essencia/QA-31265.html
989,https://www.fragrantica.com/perfume/Chlorophylla/Eibi-41170.html
990,https://www.fragrantica.com/perfume/Chlorophylla/Naturalize-58167.html
991,https://www.fragrantica.com/perfume/Chlorophylla/Aguas-Frescas-Aurora-71309.html
992,https://www.fragrantica.com/perfume/Chlorophylla/Marro-Sport-56957.html
993,https://www.fragrantica.com/perfume/Chlorophylla/Marro-Urban-58780.html
994,https://www.fragrantica.com/perfume/Chlorophylla/Only-Good-Aqui-Tem-Amor-58170.html
995,https://www.fragrantica.com/perfume/Chlorophylla/Only-Good-Bergamota-Lirio-56955.html
996,https://www.fragrantica.com/perfume/Chlorophylla/Only-Good-Champanhe-Pessego-72359.html
997,https://www.fragrantica.com/perfume/Chlorophylla/Only-Good-Especiarias-Musk-72358.html
998,https://www.fragrantica.com/perfume/Chlorophylla/Only-Good-Flores-Caramelo-56954.html
999,https://www.fragrantica.com/perfume/Chlorophylla/Only-Good-Pimenta-Melao-56956.html
1000,https://www.fragrantica.com/perfume/Chlorophylla/Only-Good-Sonhe-Bem-Alto-58169.html
1001,https://www.fragrantica.com/perfume/Ciclo-Cosmeticos/Dream-68656.html
1002,https://www.fragrantica.com/perfume/Ciclo-Cosmeticos/Forever-56970.html
1003,https://www.fragrantica.com/perfume/Ciclo-Cosmeticos/Light-68657.html
1004,https://www.fragrantica.com/perfume/Ciclo-Cosmeticos/Ciclo-Mini-Baby-QueQue-66666.html
1005,https://www.fragrantica.com/perfume/Ciclo-Cosmeticos/I-MAN-Camper-71357.html
1006,https://www.fragrantica.com/perfume/Ciclo-Cosmeticos/I-MAN-Iconic-71358.html
1007,https://www.fragrantica.com/perfume/Ciclo-Cosmeticos/I-MAN-Rebel-71356.html
1008,https://www.fragrantica.com/perfume/Ciclo-Cosmeticos/Animal-Pink-73477.html
1009,https://www.fragrantica.com/perfume/Ciclo-Cosmeticos/Animal-Pink-68654.html
1010,https://www.fragrantica.com/perfume/Ciclo-Cosmeticos/California-Sunset-68644.html
1011,https://www.fragrantica.com/perfume/Ciclo-Cosmeticos/Camu-68651.html
1012,https://www.fragrantica.com/perfume/Ciclo-Cosmeticos/Carrousel-68649.html
1013,https://www.fragrantica.com/perfume/Ciclo-Cosmeticos/Coffe-Queen-68648.html
1014,https://www.fragrantica.com/perfume/Ciclo-Cosmeticos/Comfy-68646.html
1015,https://www.fragrantica.com/perfume/Ciclo-Cosmeticos/Dog-Lover-68645.html
1016,https://www.fragrantica.com/perfume/Colcci/Colcci-Urban-Girls-71094.html
1017,https://www.fragrantica.com/perfume/Companhia-da-Terra/Capim-Cheiroso-26226.html
1018,https://www.fragrantica.com/perfume/Companhia-da-Terra/Magnolia-26690.html
1019,https://www.fragrantica.com/perfume/Contem-1g/34-34713.html
1020,https://www.fragrantica.com/perfume/Contem-1g/69-35044.html
1021,https://www.fragrantica.com/perfume/Contem-1g/7-34705.html
1022,https://www.fragrantica.com/perfume/Contem-1g/75-35045.html
1023,https://www.fragrantica.com/perfume/Contem-1g/79-34706.html
1024,https://www.fragrantica.com/perfume/Contem-1g/8-34709.html
1025,https://www.fragrantica.com/perfume/Contem-1g/81-35046.html
1026,https://www.fragrantica.com/perfume/Contem-1g/91-35047.html
1027,https://www.fragrantica.com/perfume/Contem-1g/95-35048.html
1028,https://www.fragrantica.com/perfume/Contem-1g/96-35049.html
1029,https://www.fragrantica.com/perfume/Contem-1g/Jour-34699.html
1030,https://www.fragrantica.com/perfume/Contem-1g/Nuit-34700.html
1031,https://www.fragrantica.com/perfume/Contem-1g/Meu-Jeito-37721.html
1032,https://www.fragrantica.com/perfume/Contem-1g/Minha-Danca-37718.html
1033,https://www.fragrantica.com/perfume/Contem-1g/Minha-Felicidade-37724.html
1034,https://www.fragrantica.com/perfume/Contem-1g/Minha-Inspiracao-37729.html
1035,https://www.fragrantica.com/perfume/Contem-1g/Minha-Lembranca-37722.html
1036,https://www.fragrantica.com/perfume/Contem-1g/Minha-Presenca-37710.html
1037,https://www.fragrantica.com/perfume/Contem-1g/Minha-Surpresa-37711.html
1038,https://www.fragrantica.com/perfume/Costa-Brazil/Aroma-74527.html
1039,https://www.fragrantica.com/perfume/CR-Beauty/Acqua-Musk-69779.html
1040,https://www.fragrantica.com/perfume/CR-Beauty/Carvalho-Intenso-69764.html
1041,https://www.fragrantica.com/perfume/CR-Beauty/Cool-Mandarine-69762.html
1042,https://www.fragrantica.com/perfume/CR-Beauty/Couro-Ambar-69777.html
1043,https://www.fragrantica.com/perfume/CR-Beauty/Frescor-da-Floresta-69768.html
1044,https://www.fragrantica.com/perfume/CR-Beauty/Sensual-Magnolia-69771.html
1045,https://www.fragrantica.com/perfume/Daniel-Barros/Jasmina-Colada-40806.html
1046,https://www.fragrantica.com/perfume/Davene/Exotic-Indonesia-60179.html
1047,https://www.fragrantica.com/perfume/Davene/La-Flore-Lavanda-e-Vanilla-74269.html
1048,https://www.fragrantica.com/perfume/Delikad/Delikad-Ilusion-Butterfly-70940.html
1049,https://www.fragrantica.com/perfume/Delikad/Delikad-Love-Butterfly-70942.html
1050,https://www.fragrantica.com/perfume/Delikad/Delikad-Secret-Butterfly-70871.html
1051,https://www.fragrantica.com/perfume/Delikad/Delikad-Shine-Butterfly-70943.html
1052,https://www.fragrantica.com/perfume/Delikad/Delikad-Surprise-Butterfly-70944.html
1053,https://www.fragrantica.com/perfume/Delikad/Fairy-Wings-64724.html
1054,https://www.fragrantica.com/perfume/Delikad/Lucky-Charm-64722.html
1055,https://www.fragrantica.com/perfume/Delikad/Secret-Potion-66481.html
1056,https://www.fragrantica.com/perfume/Delikad/Star-Dust-64723.html
1057,https://www.fragrantica.com/perfume/Dotti/Rokk-56208.html
1058,https://www.fragrantica.com/perfume/Dotti/Vik-56210.html
1059,https://www.fragrantica.com/perfume/Eaux-Parfums/Indian-Feelings-62014.html
1060,https://www.fragrantica.com/perfume/Emporio-Body-Store/Lolita-Serum-by-Glamour-56372.html
1061,https://www.fragrantica.com/perfume/Emporio-Body-Store/Splash-Fresh-Spray-Lolita-Serum-38250.html
1062,https://www.fragrantica.com/perfume/Emporio-Body-Store/Splash-Fresh-Spray-Sakura-No-Ki-38248.html
1063,https://www.fragrantica.com/perfume/Essencia-di-Fiori/Amor-Perfeito-74344.html
1064,https://www.fragrantica.com/perfume/Essencia-di-Fiori/DiVino-74343.html
1065,https://www.fragrantica.com/perfume/Essencia-di-Fiori/Espumantes-Premium-74338.html
1066,https://www.fragrantica.com/perfume/Essencia-di-Fiori/Homem-Vinho-Tinto-Blend-74342.html
1067,https://www.fragrantica.com/perfume/Essencia-di-Fiori/Homem-Vinho-Tinto-Reserva-74341.html
1068,https://www.fragrantica.com/perfume/Essencia-di-Fiori/Perlage-74339.html
1069,https://www.fragrantica.com/perfume/Essencia-di-Fiori/Uvas-Tintas-74345.html
1070,https://www.fragrantica.com/perfume/Essencia-di-Fiori/Vinhas-de-Algodao-74340.html
1071,https://www.fragrantica.com/perfume/Essencias-da-Floresta/Nazare-62492.html
1072,https://www.fragrantica.com/perfume/Flora-Pura/Black-Pour-Homme-73494.html
1073,https://www.fragrantica.com/perfume/Flora-Pura/Reserva-Especial-1949-73484.html
1074,https://www.fragrantica.com/perfume/Fragram-Gramado/Don-67412.html
1075,https://www.fragrantica.com/perfume/Helder-Machado-Perfumes/Acerola-et-Caramel-65709.html
1076,https://www.fragrantica.com/perfume/Helder-Machado-Perfumes/Licorice-54308.html
1077,https://www.fragrantica.com/perfume/Helder-Machado-Perfumes/Limoeiro-54310.html
1078,https://www.fragrantica.com/perfume/Helder-Machado-Perfumes/No8-60613.html
1079,https://www.fragrantica.com/perfume/Helder-Machado-Perfumes/Santo-65704.html
1080,https://www.fragrantica.com/perfume/Helder-Machado-Perfumes/Sgroppino-60614.html
1081,https://www.fragrantica.com/perfume/Helder-Machado-Perfumes/Signature-65606.html
1082,https://www.fragrantica.com/perfume/House-of-Hautt/Hivernale-60709.html
1083,https://www.fragrantica.com/perfume/House-of-Hautt/Malabar-60712.html
1084,https://www.fragrantica.com/perfume/House-of-Hautt/Malabar-2017-50428.html
1085,https://www.fragrantica.com/perfume/Impala/Isis-Valverde-Incanto-71487.html
1086,https://www.fragrantica.com/perfume/Impala/Isis-Valverde-Intense-71489.html
1087,https://www.fragrantica.com/perfume/L-Eau-de-Rio/Posto-6-44559.html
1088,https://www.fragrantica.com/perfume/L-Eau-de-Rio/Posto-6-44559.html
1089,https://www.fragrantica.com/perfume/L-envie-Parfums/001-Sao-Paulo-is-Burning-61499.html
1090,https://www.fragrantica.com/perfume/L-envie-Parfums/002-The-Patchouli-Affair-61500.html
1091,https://www.fragrantica.com/perfume/L-envie-Parfums/003-San-Junipero-61501.html
1092,https://www.fragrantica.com/perfume/L-envie-Parfums/004-Falling-Water-61502.html
1093,https://www.fragrantica.com/perfume/L-envie-Parfums/005-Stop-It-I-Love-It-61503.html
1094,https://www.fragrantica.com/perfume/L-envie-Parfums/006-You-Had-Me-At-Hello-61504.html
1095,https://www.fragrantica.com/perfume/L-envie-Parfums/007-Idee-Fixe-61505.html
1096,https://www.fragrantica.com/perfume/L-envie-Parfums/008-Mood-Indigo-61506.html
1097,https://www.fragrantica.com/perfume/L-envie-Parfums/009-Figorativo-70992.html
1098,https://www.fragrantica.com/perfume/La-Facon/Argent-Or-40082.html
1099,https://www.fragrantica.com/perfume/La-Facon/Brasil-Natural-40095.html
1100,https://www.fragrantica.com/perfume/Lenny-Niemeyer/L-Cologne-41480.html
1101,https://www.fragrantica.com/perfume/Lumi-Cosmeticos/Pocket-MASC-63515.html
1102,https://www.fragrantica.com/perfume/Maracuja-Brasil/Fava-Tonka-Chocolate-60107.html
1103,https://www.fragrantica.com/perfume/Maracuja-Brasil/Vetiver-Bergamota-60056.html
1104,https://www.fragrantica.com/perfume/Marita-Parfum/Baroness-61976.html
1105,https://www.fragrantica.com/perfume/Marita-Parfum/Gran-Cafe-61973.html
1106,https://www.fragrantica.com/perfume/Marita-Parfum/Reservado-para-Ela-61974.html
1107,https://www.fragrantica.com/perfume/Marita-Parfum/Reservado-para-Ele-61975.html
1108,https://www.fragrantica.com/perfume/Melissa/Melissa-57050.html
1109,https://www.fragrantica.com/perfume/Memphis/Alma-de-Flores-Classico-35872.html
1110,https://www.fragrantica.com/perfume/Memphis/Alma-de-Flores-Essencia-de-Baunilha-37999.html
1111,https://www.fragrantica.com/perfume/Memphis/Alma-de-Flores-Essencia-de-Champagne-38001.html
1112,https://www.fragrantica.com/perfume/Memphis/Alma-de-Flores-Essencia-de-Flores-Brancas-38002.html
1113,https://www.fragrantica.com/perfume/Mont-Anne-Parfums/Beauty-Flower-Luxe-61903.html
1114,https://www.fragrantica.com/perfume/Mont-Anne-Parfums/Belle-Jour-Luxe-72123.html
1115,https://www.fragrantica.com/perfume/Mont-Anne-Parfums/Good-Voice-Luxe-61924.html
1116,https://www.fragrantica.com/perfume/Mont-Anne-Parfums/Richest-Men-61938.html
1117,https://www.fragrantica.com/perfume/Mont-Anne-Parfums/Staros-Men-61937.html
1118,https://www.fragrantica.com/perfume/Mont-Anne-Parfums/Strongest-Luxe-61923.html
1119,https://www.fragrantica.com/perfume/Mont-Anne-Parfums/Track-Speed-Luxe-61945.html
1120,https://www.fragrantica.com/perfume/Mont-Anne-Parfums/With-Love-Glamour-72119.html
1121,https://www.fragrantica.com/perfume/Mont-Anne-Parfums/With-Love-Luxe-72118.html
1122,https://www.fragrantica.com/perfume/Mont-Anne-Parfums/Woman-Prive-72120.html
1123,https://www.fragrantica.com/perfume/Muriel-Cosmeticos/Acqua-Essence-Alfazema-57123.html
1124,https://www.fragrantica.com/perfume/Muriel-Cosmeticos/Acqua-Essence-Flor-de-Amendoas-62598.html
1125,https://www.fragrantica.com/perfume/Muriel-Cosmeticos/Acqua-Essence-Flor-de-Cerejeira-62732.html
1126,https://www.fragrantica.com/perfume/Muriel-Cosmeticos/Acqua-Essence-Flor-de-Laranjeira-57124.html
1127,https://www.fragrantica.com/perfume/Muriel-Cosmeticos/Acqua-Essence-Floral-57125.html
1128,https://www.fragrantica.com/perfume/Nazca/Origem-Secrets-Lavanda-71838.html
1129,https://www.fragrantica.com/perfume/Nutriex/Amora-Linda-66403.html
1130,https://www.fragrantica.com/perfume/O-U-i-Original-Unique-Individual/Iconique-001-66475.html
1131,https://www.fragrantica.com/perfume/O-U-i-Original-Unique-Individual/La-Villette-470-66473.html
1132,https://www.fragrantica.com/perfume/Odorata/Absoluto-71398.html
1133,https://www.fragrantica.com/perfume/Odorata/Black-Deep-Woman-71395.html
1134,https://www.fragrantica.com/perfume/Odorata/Cler-70610.html
1135,https://www.fragrantica.com/perfume/Odorata/Dom-Homme-71384.html
1136,https://www.fragrantica.com/perfume/Odorata/Donna-Fatale-70615.html
1137,https://www.fragrantica.com/perfume/Odorata/Duchesse-Femme-70612.html
1138,https://www.fragrantica.com/perfume/Odorata/Elegance-Femme-70442.html
1139,https://www.fragrantica.com/perfume/Odorata/Elegance-Homme-70441.html
1140,https://www.fragrantica.com/perfume/Odorata/ID-70436.html
1141,https://www.fragrantica.com/perfume/Odorata/Isis-71385.html
1142,https://www.fragrantica.com/perfume/Odorata/Isis-Intense-71386.html
1143,https://www.fragrantica.com/perfume/Odorata/Lyra-70609.html
1144,https://www.fragrantica.com/perfume/Odorata/Marco-71387.html
1145,https://www.fragrantica.com/perfume/Odorata/Poesia-70616.html
1146,https://www.fragrantica.com/perfume/Odorata/Inevitavel-Ele-68635.html
1147,https://www.fragrantica.com/perfume/Odorata/Sinta-se-Bem-Ameixa-Negra-e-Champagne-70578.html
1148,https://www.fragrantica.com/perfume/Odorata/Sinta-se-Bem-Maca-e-Baunilha-70577.html
1149,https://www.fragrantica.com/perfume/Odorata/Zenit-Acqua-70447.html
1150,https://www.fragrantica.com/perfume/Odorata/Zenit-Fire-70449.html
1151,https://www.fragrantica.com/perfume/Odorata/Zenit-Rustic-70448.html
1152,https://www.fragrantica.com/perfume/Ohana-Kameala/Batom-de-Cereja-69118.html
1153,https://www.fragrantica.com/perfume/Ohana-Kameala/Camaleon-64607.html
1154,https://www.fragrantica.com/perfume/Ohana-Kameala/Deusa-64610.html
1155,https://www.fragrantica.com/perfume/Ohana-Kameala/Les-Paix-73025.html
1156,https://www.fragrantica.com/perfume/Ohana-Kameala/Unicornio-64608.html
1157,https://www.fragrantica.com/perfume/Ohana-Kameala/Zeus-64609.html
1158,https://www.fragrantica.com/perfume/Ori/Mar-Grande-72968.html
1159,https://www.fragrantica.com/perfume/PanVel/Baunilha-Sensual-38594.html
1160,https://www.fragrantica.com/perfume/Parfum-Marie/Amsterdam-65818.html
1161,https://www.fragrantica.com/perfume/Petunia/Lavanda-62944.html
1162,https://www.fragrantica.com/perfume/Pierre-Alexander/Banho-Aromatico-Lavande-63038.html
1163,https://www.fragrantica.com/perfume/Pierre-Alexander/Banho-Aromatico-Vert-63039.html
1164,https://www.fragrantica.com/perfume/Pierre-Alexander/Secrets-Black-63041.html
1165,https://www.fragrantica.com/perfume/Pierre-Alexander/Secrets-Per-Homme-63040.html
1166,https://www.fragrantica.com/perfume/Pocket-Parfum/Copacabana-Royal-68429.html
1167,https://www.fragrantica.com/perfume/Pocket-Parfum/Oud-Royal-68430.html
1168,https://www.fragrantica.com/perfume/Pocket-Parfum/Whisky-Royal-68428.html
1169,https://www.fragrantica.com/perfume/Polo-Play/Anil-61186.html
1170,https://www.fragrantica.com/perfume/Polo-Play/Play-61187.html
1171,https://www.fragrantica.com/perfume/Primacial/Infalivel-Pour-Homme-68673.html
1172,https://www.fragrantica.com/perfume/QOD-Cosmetics/Kicker-61184.html
1173,https://www.fragrantica.com/perfume/Requin/Cafe-Rose-56192.html
1174,https://www.fragrantica.com/perfume/Sacratu-Kyphi/Kyphi-Ela-72774.html
1175,https://www.fragrantica.com/perfume/Segredos-de-Perfumaria/Lavanda-Intense-57323.html
1176,https://www.fragrantica.com/perfume/Segredos-de-Perfumaria/Lavanda-Lumina-57344.html
1177,https://www.fragrantica.com/perfume/Segredos-de-Perfumaria/Lavanda-Mille-57321.html
1178,https://www.fragrantica.com/perfume/Segredos-de-Perfumaria/Lavanda-Supreme-57322.html
1179,https://www.fragrantica.com/perfume/Tania-Bulhoes/Camelia-69058.html
1180,https://www.fragrantica.com/perfume/Tania-Bulhoes/Cedro-69053.html
1181,https://www.fragrantica.com/perfume/Tania-Bulhoes/Cha-Branco-Colonia-27598.html
1182,https://www.fragrantica.com/perfume/Tania-Bulhoes/Folha-de-Cha-Branco-69057.html
1183,https://www.fragrantica.com/perfume/Tania-Bulhoes/Fruta-do-Conde-69063.html
1184,https://www.fragrantica.com/perfume/Tania-Bulhoes/Lavanda-69066.html
1185,https://www.fragrantica.com/perfume/Tania-Bulhoes/Lavanda-Colonge-27596.html
1186,https://www.fragrantica.com/perfume/Tania-Bulhoes/Vetiver-69055.html
1187,https://www.fragrantica.com/perfume/Thipos/Cafe-com-Creme-64835.html
1188,https://www.fragrantica.com/perfume/Thipos/Melancia-Fresh-64827.html
1189,https://www.fragrantica.com/perfume/Tie-Perfumes/Iogurte-de-Morango-65533.html
1190,https://www.fragrantica.com/perfume/Timo-Parfums/Cap-Ferrat-45313.html
1191,https://www.fragrantica.com/perfume/Timo-Parfums/Timo-No-1-41754.html
1192,https://www.fragrantica.com/perfume/Tufi-Duek/Forum-12716.html
1193,https://www.fragrantica.com/perfume/Tufi-Duek/Forum-Black-Denim-66032.html
1194,https://www.fragrantica.com/perfume/Tufi-Duek/Forum-Catwalk-47643.html
1195,https://www.fragrantica.com/perfume/Tufi-Duek/Forum-Classic-Jeans-12718.html
1196,https://www.fragrantica.com/perfume/Tufi-Duek/Forum-Green-Denim-73330.html
1197,https://www.fragrantica.com/perfume/Tufi-Duek/Forum-Jeans-2-35212.html
1198,https://www.fragrantica.com/perfume/Tufi-Duek/Forum-Jeans-in-Blue-34952.html
1199,https://www.fragrantica.com/perfume/Tufi-Duek/Forum-Man-34275.html
1200,https://www.fragrantica.com/perfume/Tufi-Duek/Forum-Movement-71313.html
1201,https://www.fragrantica.com/perfume/Tufi-Duek/Forum-Woman-34274.html
1202,https://www.fragrantica.com/perfume/VIVARA/V-Man-56223.html
1203,https://www.fragrantica.com/perfume/VIVARA/V-Pour-La-Nuit-69622.html
1204,https://www.fragrantica.com/perfume/VIVARA/V-Pour-Le-Jour-60983.html
1205,https://www.fragrantica.com/perfume/VIVARA/Life-56226.html
1206,https://www.fragrantica.com/perfume/VIVARA/Life-Secret-Garden-69625.html
1207,https://www.fragrantica.com/perfume/Vult/Chic-in-Paris-Rica-de-Marre-68554.html
1208,https://www.fragrantica.com/perfume/Vult/Glow-in-Paris-Rica-de-Marre-68555.html
1209,https://www.fragrantica.com/perfume/Vult/Rose-in-Paris-Rica-de-Marre-68556.html
1210,https://www.fragrantica.com/perfume/Yes-Cosmetics/Ametista-68835.html
1211,https://www.fragrantica.com/perfume/Yes-Cosmetics/Blackout-68824.html
1212,https://www.fragrantica.com/perfume/Yes-Cosmetics/Mr-Y-68825.html
1213,https://www.fragrantica.com/perfume/Yes-Cosmetics/Nude-63600.html
1214,https://www.fragrantica.com/perfume/Yes-Cosmetics/Marias-do-Brasil-Sensual-68818.html
1215,https://www.fragrantica.com/perfume/Yes-Cosmetics/Unica-68814.html
1216,https://www.fragrantica.com/perfume/1000-Flowers/Orange-Blossom-Petal-43043.html
1217,https://www.fragrantica.com/perfume/Alfred-Sung/Encore-5393.html
1218,https://www.fragrantica.com/perfume/Alfred-Sung/Pure-1649.html
1219,https://www.fragrantica.com/perfume/Alfred-Sung/Pure-Moment-5394.html
1220,https://www.fragrantica.com/perfume/Alfred-Sung/Sha-1639.html
1221,https://www.fragrantica.com/perfume/Alfred-Sung/Shi-1638.html
1222,https://www.fragrantica.com/perfume/Alfred-Sung/Sung-1650.html
1223,https://www.fragrantica.com/perfume/Alfred-Sung/Sung-Day-Mist-1651.html
1224,https://www.fragrantica.com/perfume/Alfred-Sung/Sung-Homme-1652.html
1225,https://www.fragrantica.com/perfume/Alfred-Sung/Sung-Spa-1653.html
1226,https://www.fragrantica.com/perfume/Fruits-Passion/Apple-Illusion-13250.html
1227,https://www.fragrantica.com/perfume/Fruits-Passion/Blue-13253.html
1228,https://www.fragrantica.com/perfume/Fruits-Passion/Cherry-16331.html
1229,https://www.fragrantica.com/perfume/Fruits-Passion/Jasmin-13256.html
1230,https://www.fragrantica.com/perfume/Fruits-Passion/Rose-13255.html
1231,https://www.fragrantica.com/perfume/Libertine-Fragrance/Eros-Fig-55521.html
1232,https://www.fragrantica.com/perfume/Libertine-Fragrance/Fin-de-Siecle-55522.html
1233,https://www.fragrantica.com/perfume/Libertine-Fragrance/Gilded-59239.html
1234,https://www.fragrantica.com/perfume/Libertine-Fragrance/Sex-Jasmine-43626.html
1235,https://www.fragrantica.com/perfume/Libertine-Fragrance/Smoked-Bloom-43630.html
1236,https://www.fragrantica.com/perfume/Libertine-Fragrance/Soft-Woods-43625.html
1237,https://www.fragrantica.com/perfume/Libertine-Fragrance/Sweet-Grass-43627.html
1238,https://www.fragrantica.com/perfume/Libertine-Fragrance/Troubled-Spirits-43629.html
1239,https://www.fragrantica.com/perfume/Libertine-Fragrance/Witch-Doctor-43628.html
1240,https://www.fragrantica.com/perfume/Monsillage/Aviation-Club-30804.html
1241,https://www.fragrantica.com/perfume/Monsillage/Dupont-Circle-30803.html
1242,https://www.fragrantica.com/perfume/The-7-Virtues/Blackberry-Lily-70101.html
1243,https://www.fragrantica.com/perfume/The-7-Virtues/Afghanistan-Orange-Blossom-12416.html
1244,https://www.fragrantica.com/perfume/Zoologist-Perfumes/Bat-Edition-2020-59596.html
1245,https://www.fragrantica.com/perfume/Zoologist-Perfumes/Dodo-Edition-2020-64003.html
1246,https://www.fragrantica.com/perfume/Zoologist-Perfumes/Macaque-Fuji-Apple-Edition-68000.html
1247,https://www.fragrantica.com/perfume/Zoologist-Perfumes/Macaque-Yuzu-Edition-68001.html
1248,https://www.fragrantica.com/perfume/Zoologist-Perfumes/Moth-49270.html
1249,https://www.fragrantica.com/perfume/Zoologist-Perfumes/Musk-Deer-62710.html
1250,https://www.fragrantica.com/perfume/Zoologist-Perfumes/Nightingale-40840.html
1251,https://www.fragrantica.com/perfume/Zoologist-Perfumes/Panda-28190.html
1252,https://www.fragrantica.com/perfume/Zoologist-Perfumes/Panda-Edition-2017-45873.html
1253,https://www.fragrantica.com/perfume/Zoologist-Perfumes/Rhinoceros-28191.html
1254,https://www.fragrantica.com/perfume/Zoologist-Perfumes/Rhinoceros-Edition-2020-64004.html
1255,https://www.fragrantica.com/perfume/Zoologist-Perfumes/Sloth-59597.html
1256,https://www.fragrantica.com/perfume/Zoologist-Perfumes/Snowy-Owl-64381.html
1257,https://www.fragrantica.com/perfume/Anne-Krystel/AK47-64076.html
1258,https://www.fragrantica.com/perfume/Cheri-Milaney/Rubino-15392.html
1259,https://www.fragrantica.com/perfume/Claude-Andre-Hebert/Metropole-43187.html
1260,https://www.fragrantica.com/perfume/Claude-Andre-Hebert/Mont-Royal-43188.html
1261,https://www.fragrantica.com/perfume/Claude-Andre-Hebert/Notre-Dame-43181.html
1262,https://www.fragrantica.com/perfume/Claude-Andre-Hebert/Ville-Marie-43186.html
1263,https://www.fragrantica.com/perfume/Coeur-d-Esprit-Natural-Perfumes/Autumn-Aura-13106.html
1264,https://www.fragrantica.com/perfume/Coeur-d-Esprit-Natural-Perfumes/Bridge-Notes-13107.html
1265,https://www.fragrantica.com/perfume/Coeur-d-Esprit-Natural-Perfumes/Citrance-13108.html
1266,https://www.fragrantica.com/perfume/Coeur-d-Esprit-Natural-Perfumes/Eau-d-Esprit-13110.html
1267,https://www.fragrantica.com/perfume/Coeur-d-Esprit-Natural-Perfumes/Entranced-13109.html
1268,https://www.fragrantica.com/perfume/Coeur-d-Esprit-Natural-Perfumes/Hedgerow-13111.html
1269,https://www.fragrantica.com/perfume/Dans-un-Jardin/Aquaflora-42804.html
1270,https://www.fragrantica.com/perfume/Dans-un-Jardin/Gamine-42805.html
1271,https://www.fragrantica.com/perfume/Dans-un-Jardin/Pomelo-Vanille-42810.html
1272,https://www.fragrantica.com/perfume/Dans-un-Jardin/Neron-Sport-42844.html
1273,https://www.fragrantica.com/perfume/Dans-un-Jardin/Jean-Airoldi-Haute-Couture-42823.html
1274,https://www.fragrantica.com/perfume/Dans-un-Jardin/Jean-Airoldi-Sur-Mesure-42824.html
1275,https://www.fragrantica.com/perfume/Dans-un-Jardin/Mahee-42821.html
1276,https://www.fragrantica.com/perfume/Dans-un-Jardin/Mahee-Angelique-42755.html
1277,https://www.fragrantica.com/perfume/Dans-un-Jardin/Mahee-Ile-Homme-42843.html
1278,https://www.fragrantica.com/perfume/Dans-un-Jardin/Mahee-Sparkling-Eau-Fraiche-42819.html
1279,https://www.fragrantica.com/perfume/Dans-un-Jardin/Mahee-Sublime-Eau-Fraiche-42820.html
1280,https://www.fragrantica.com/perfume/Dynamite/Rachel-10104.html
1281,https://www.fragrantica.com/perfume/Eau-Contemporaine/Coton-44901.html
1282,https://www.fragrantica.com/perfume/Frilly-Lilly/Coconut-Creme-61526.html
1283,https://www.fragrantica.com/perfume/Frilly-Lilly/Shot-of-Sugar-61527.html
1284,https://www.fragrantica.com/perfume/Garage/GRG-10102.html
1285,https://www.fragrantica.com/perfume/Helio/Salt-Lick-54488.html
1286,https://www.fragrantica.com/perfume/Jacob/Classique-13711.html
1287,https://www.fragrantica.com/perfume/Kensie/Kensie-40134.html
1288,https://www.fragrantica.com/perfume/Kensie/Kensie-Free-Spirit-58102.html
1289,https://www.fragrantica.com/perfume/Kensie/Kensie-Life-Beat-58101.html
1290,https://www.fragrantica.com/perfume/Kensie/Kensie-Loving-Life-58100.html
1291,https://www.fragrantica.com/perfume/Kensie/So-Pretty-62810.html
1292,https://www.fragrantica.com/perfume/La-Senza/Discover-Me-6798.html
1293,https://www.fragrantica.com/perfume/La-Senza/Hello-Sugar-14338.html
1294,https://www.fragrantica.com/perfume/La-Senza/Undiscovered-6799.html
1295,https://www.fragrantica.com/perfume/Ma-Blonde-Perfumes/Ma-Blonde-60664.html
1296,https://www.fragrantica.com/perfume/Marie-Saint-Pierre/B-11256.html
